heldout_lineage,scope,inner_fold,alpha,iterations,relative_change,converged,nonzero_fraction,lipschitz,mask_group_n,minimum_observed_model_n
Biliary Tract,inner,1.0,0.0001,530,9.871791498681155e-05,True,0.9151055552320255,560.1790096273292,6,160
Biliary Tract,inner,1.0,0.001,1520,9.989570898708621e-05,True,0.5708513661885208,560.1794596273292,6,160
Biliary Tract,inner,1.0,0.01,3640,9.997053898635848e-05,True,0.09882229535579705,560.1839596273292,6,160
Biliary Tract,inner,1.0,0.1,2380,9.994378745836983e-05,True,0.0022807685369702533,560.2289596273291,6,160
Biliary Tract,inner,2.0,0.0001,510,9.918166674766378e-05,True,0.9111902891743213,540.8304268382353,6,169
Biliary Tract,inner,2.0,0.001,1510,9.989518306087336e-05,True,0.5605829364566451,540.8308768382353,6,169
Biliary Tract,inner,2.0,0.01,3480,9.994512833429797e-05,True,0.0980240441225557,540.8353768382353,6,169
Biliary Tract,inner,2.0,0.1,2340,9.999660768088774e-05,True,0.0020341557783020545,540.8803768382353,6,169
Biliary Tract,inner,3.0,0.0001,520,9.995341315083292e-05,True,0.9168689518620418,535.207133958021,6,165
Biliary Tract,inner,3.0,0.001,1520,9.997450056647526e-05,True,0.5755387840730414,535.207583958021,6,165
Biliary Tract,inner,3.0,0.01,3630,9.997671407053422e-05,True,0.0998975198817111,535.212083958021,6,165
Biliary Tract,inner,3.0,0.1,2390,9.993287360419702e-05,True,0.0021974990021859583,535.257083958021,6,165
Biliary Tract,inner,4.0,0.0001,520,9.974738971853981e-05,True,0.9167407629406894,541.054141928251,6,174
Biliary Tract,inner,4.0,0.001,1510,9.996079285291387e-05,True,0.5763231866416492,541.054591928251,6,174
Biliary Tract,inner,4.0,0.01,3590,9.998002653210829e-05,True,0.10035452581462107,541.0590919282511,6,174
Biliary Tract,inner,4.0,0.1,2360,9.955408859453777e-05,True,0.0022907111679892735,541.104091928251,6,174
Biliary Tract,inner,5.0,0.0001,500,9.980906386679824e-05,True,0.9106303059915715,569.2466445512821,5,156
Biliary Tract,inner,5.0,0.001,1500,9.954326522237194e-05,True,0.5610594725576282,569.2470945512821,5,156
Biliary Tract,inner,5.0,0.01,3500,9.998882232713733e-05,True,0.09823834333041209,569.2515945512821,5,156
Biliary Tract,inner,5.0,0.1,2370,9.999241957497905e-05,True,0.0022541364895978773,569.296594551282,5,156
Biliary Tract,outer_refit,,0.1,2230,9.998152167810507e-05,True,0.0019879935628566033,496.8180404589372,6,206
Biliary Tract,outer_refit,,0.01,3570,9.99355369964942e-05,True,0.10026806043415208,496.7730404589372,6,206
Biliary Tract,outer_refit,,0.001,1800,9.966719719592743e-05,True,0.577147359734333,496.7685404589372,6,206
Biliary Tract,outer_refit,,0.0001,640,9.99351033765973e-05,True,0.9223453885367145,496.7680904589372,6,206
Bladder/Urinary Tract,inner,1.0,0.0001,530,9.995028148750929e-05,True,0.9150187347575915,559.9068751533742,6,162
Bladder/Urinary Tract,inner,1.0,0.001,1540,9.984808622827487e-05,True,0.5702503696528175,559.9073251533742,6,162
Bladder/Urinary Tract,inner,1.0,0.01,3640,9.987977216373261e-05,True,0.09893965391121799,559.9118251533743,6,162
Bladder/Urinary Tract,inner,1.0,0.1,2380,9.986285118098354e-05,True,0.0022610608219146952,559.9568251533742,6,162
Bladder/Urinary Tract,inner,2.0,0.0001,500,9.952438324907304e-05,True,0.9119125502990602,540.9473600142045,6,175
Bladder/Urinary Tract,inner,2.0,0.001,1490,9.985464801663977e-05,True,0.5634959497982356,540.9478100142045,6,175
Bladder/Urinary Tract,inner,2.0,0.01,3520,9.988412138381892e-05,True,0.09826089179718737,540.9523100142045,6,175
Bladder/Urinary Tract,inner,2.0,0.1,2330,9.987270700241367e-05,True,0.0020508451946554098,540.9973100142045,6,175
Bladder/Urinary Tract,inner,3.0,0.0001,510,9.886105046034388e-05,True,0.9159451749121853,532.1007913663664,6,162
Bladder/Urinary Tract,inner,3.0,0.001,1530,9.982930205217371e-05,True,0.57463897596582,532.1012413663664,6,162
Bladder/Urinary Tract,inner,3.0,0.01,3540,9.99533303095322e-05,True,0.10028776814920765,532.1057413663664,6,162
Bladder/Urinary Tract,inner,3.0,0.1,2410,9.993245129613934e-05,True,0.0022278595361904666,532.1507413663663,6,162
Bladder/Urinary Tract,inner,4.0,0.0001,530,9.99257059000524e-05,True,0.9168380586870898,535.6637118589744,6,171
Bladder/Urinary Tract,inner,4.0,0.001,1550,9.978207383823685e-05,True,0.5753564433220318,535.6641618589744,6,171
Bladder/Urinary Tract,inner,4.0,0.01,3660,9.998374689180782e-05,True,0.1004566153295485,535.6686618589744,6,171
Bladder/Urinary Tract,inner,4.0,0.1,2340,9.9941430772379e-05,True,0.0022520059258080874,535.7136618589743,6,171
Bladder/Urinary Tract,inner,5.0,0.0001,500,9.93721885898705e-05,True,0.9103703772092171,495.6694172839506,5,162
Bladder/Urinary Tract,inner,5.0,0.001,1480,9.9716027719031e-05,True,0.5601983696925881,495.6698672839506,5,162
Bladder/Urinary Tract,inner,5.0,0.01,3420,9.997772484838387e-05,True,0.0980180075251513,495.67436728395063,5,162
Bladder/Urinary Tract,inner,5.0,0.1,2260,9.961617029900956e-05,True,0.00227206873482861,495.71936728395065,5,162
Bladder/Urinary Tract,outer_refit,,0.1,2230,9.94881847850828e-05,True,0.0019901241266463933,497.3361094497608,6,208
Bladder/Urinary Tract,outer_refit,,0.01,3640,9.999805193549418e-05,True,0.10029415984057702,497.29110944976077,6,208
Bladder/Urinary Tract,outer_refit,,0.001,1810,9.982514465765426e-05,True,0.5770024813966271,497.28660944976076,6,208
Bladder/Urinary Tract,outer_refit,,0.0001,640,9.92814422284526e-05,True,0.9216696447213861,497.28615944976076,6,208
Bone,inner,1.0,0.0001,540,9.961573174457748e-05,True,0.9167324182325127,557.3534895292207,6,153
Bone,inner,1.0,0.001,1570,9.998638386399856e-05,True,0.5734824349219291,557.3539395292207,6,153
Bone,inner,1.0,0.01,3670,9.985551297954953e-05,True,0.09922301889526007,557.3584395292207,6,153
Bone,inner,1.0,0.1,2460,9.979759105263581e-05,True,0.0023260430175032916,557.4034395292207,6,153
Bone,inner,2.0,0.0001,500,9.984906716372093e-05,True,0.9105537832421216,539.4899531432749,6,170
Bone,inner,2.0,0.001,1530,9.965681900946949e-05,True,0.5598045704854419,539.4904031432749,6,170
Bone,inner,2.0,0.01,3510,9.995279418238143e-05,True,0.097868868059866,539.4949031432749,6,170
Bone,inner,2.0,0.1,2380,9.995387705014564e-05,True,0.002027408992967719,539.5399031432748,6,170
Bone,inner,3.0,0.0001,520,9.971974663934352e-05,True,0.917094258982812,539.8084939528023,6,156
Bone,inner,3.0,0.001,1540,9.971234702159126e-05,True,0.5760105264054974,539.8089439528023,6,156
Bone,inner,3.0,0.01,3580,9.997879511956258e-05,True,0.10055905993844091,539.8134439528023,6,156
Bone,inner,3.0,0.1,2450,9.994166282576225e-05,True,0.0021756607233406103,539.8584439528023,6,156
Bone,inner,4.0,0.0001,530,9.972464065213643e-05,True,0.9169245240675588,534.7323283546326,6,170
Bone,inner,4.0,0.001,1530,9.958624280152854e-05,True,0.5752761920859498,534.7327783546326,6,170
Bone,inner,4.0,0.01,3590,9.99802581416335e-05,True,0.10066683095680778,534.7372783546326,6,170
Bone,inner,4.0,0.1,2350,9.99266932745765e-05,True,0.002263013838722003,534.7822783546326,6,170
Bone,inner,5.0,0.0001,500,9.985218823953064e-05,True,0.909717536954629,484.1122043348281,5,159
Bone,inner,5.0,0.001,1510,9.987459684603649e-05,True,0.5587595289465498,484.1126543348281,5,159
Bone,inner,5.0,0.01,3470,9.995445841752761e-05,True,0.0981398047551343,484.1171543348281,5,159
Bone,inner,5.0,0.1,2260,9.999999299849417e-05,True,0.0021735301595508204,484.16215433482813,5,159
Bone,outer_refit,,0.1,2250,9.994113701894357e-05,True,0.00196935112969594,490.11403940886703,6,202
Bone,outer_refit,,0.01,3580,9.996030470992167e-05,True,0.1005814308582337,490.069039408867,6,202
Bone,outer_refit,,0.001,1830,9.982903582090993e-05,True,0.5775269551828804,490.064539408867,6,202
Bone,outer_refit,,0.0001,650,9.988370499195139e-05,True,0.9223063282005685,490.064089408867,6,202
Bowel,inner,1.0,0.0001,500,9.998116873138611e-05,True,0.9093940463525458,545.9562074835526,6,151
Bowel,inner,1.0,0.001,1520,9.949877156451805e-05,True,0.5562918034370256,545.9566574835526,6,151
Bowel,inner,1.0,0.01,3630,9.991704182640792e-05,True,0.09676239526503504,545.9611574835526,6,151
Bowel,inner,1.0,0.1,2310,9.993070691618211e-05,True,0.0022443714055613395,546.0061574835526,6,151
Bowel,inner,2.0,0.0001,500,9.952489693335108e-05,True,0.9101912323038922,539.020421835443,6,157
Bowel,inner,2.0,0.001,1480,9.994921067524739e-05,True,0.5595501456595444,539.020871835443,6,157
Bowel,inner,2.0,0.01,3580,9.998891254382531e-05,True,0.09702285668833686,539.025371835443,6,157
Bowel,inner,2.0,0.1,2360,9.98891281810675e-05,True,0.0021122764505943563,539.070371835443,6,157
Bowel,inner,3.0,0.0001,520,9.943788316515717e-05,True,0.9149297837193678,528.3915202472951,6,146
Bowel,inner,3.0,0.001,1520,9.96175954537202e-05,True,0.5700595066466488,528.3919702472951,6,146
Bowel,inner,3.0,0.01,3550,9.982580527651402e-05,True,0.09947051938884068,528.3964702472952,6,146
Bowel,inner,3.0,0.1,2470,9.976238515080575e-05,True,0.002287870416269553,528.4414702472951,6,146
Bowel,inner,4.0,0.0001,500,9.988785464970867e-05,True,0.9158858742200361,554.0144439393939,6,163
Bowel,inner,4.0,0.001,1480,9.997460477408659e-05,True,0.5768100204676161,554.0148939393939,6,163
Bowel,inner,4.0,0.01,3700,9.987895322125942e-05,True,0.09955645212836221,554.0193939393939,6,163
Bowel,inner,4.0,0.1,2390,9.983576534750291e-05,True,0.002263191385704485,554.0643939393939,6,163
Bowel,inner,5.0,0.0001,510,9.988088736960711e-05,True,0.916317846028416,542.3960753456221,5,131
Bowel,inner,5.0,0.001,1500,9.998738429610059e-05,True,0.5761742247233463,542.3965253456221,5,131
Bowel,inner,5.0,0.01,3550,9.981629868550592e-05,True,0.10136352531606914,542.4010253456221,5,131
Bowel,inner,5.0,0.1,2360,9.986550312104855e-05,True,0.00235782392736766,542.446025345622,5,131
Bowel,outer_refit,,0.1,2280,9.981229457863068e-05,True,0.0020142705162640136,489.69110665844636,6,187
Bowel,outer_refit,,0.01,3520,9.993887365549324e-05,True,0.10040193085894389,489.64610665844634,6,187
Bowel,outer_refit,,0.001,1780,9.974686427344132e-05,True,0.5768238691322498,489.64160665844634,6,187
Bowel,outer_refit,,0.0001,630,9.963295458060228e-05,True,0.9211703826066454,489.64115665844633,6,187
Breast,inner,1.0,0.0001,530,9.961669045052919e-05,True,0.916287663041394,558.5014433121019,6,156
Breast,inner,1.0,0.001,1530,9.986644294771541e-05,True,0.573275237593372,558.5018933121019,6,156
Breast,inner,1.0,0.01,3610,9.985161877164654e-05,True,0.09916496103198828,558.5063933121019,6,156
Breast,inner,1.0,0.1,2480,9.988987765246502e-05,True,0.0023580014743501427,558.5513933121018,6,156
Breast,inner,2.0,0.0001,500,9.968562260270022e-05,True,0.9118688737413695,555.5198223765432,6,161
Breast,inner,2.0,0.001,1510,9.993903083309864e-05,True,0.5629159038064653,555.5202723765432,6,161
Breast,inner,2.0,0.01,3630,9.994202872240798e-05,True,0.09793296252054219,555.5247723765432,6,161
Breast,inner,2.0,0.1,2390,9.992539897901975e-05,True,0.0020742813963431,555.5697723765431,6,161
Breast,inner,3.0,0.0001,510,9.951795206636341e-05,True,0.9134987550405589,520.7139231060606,6,152
Breast,inner,3.0,0.001,1550,9.997193656593663e-05,True,0.5693120338503975,520.7143731060606,6,152
Breast,inner,3.0,0.01,3550,9.999389129182609e-05,True,0.09856538487214486,520.7188731060606,6,152
Breast,inner,3.0,0.1,2350,9.987332009657235e-05,True,0.002090793265713973,520.7638731060606,6,152
Breast,inner,4.0,0.0001,530,9.986934999120528e-05,True,0.9170676269354396,547.0025262282091,6,152
Breast,inner,4.0,0.001,1520,9.983435358089643e-05,True,0.5763434269976521,547.0029762282091,6,152
Breast,inner,4.0,0.01,3710,9.998326466993475e-05,True,0.10076874292475275,547.0074762282092,6,152
Breast,inner,4.0,0.1,2520,9.988220739297766e-05,True,0.002293019278761546,547.0524762282091,6,152
Breast,inner,5.0,0.0001,520,9.939500324799988e-05,True,0.9152703188317692,524.9593589123867,5,155
Breast,inner,5.0,0.001,1510,9.963919383114678e-05,True,0.5729565407598158,524.9598089123867,5,155
Breast,inner,5.0,0.01,3590,9.979087967487438e-05,True,0.10030108417289384,524.9643089123867,5,155
Breast,inner,5.0,0.1,2340,9.97532896847553e-05,True,0.002313082087782069,525.0093089123867,5,155
Breast,outer_refit,,0.1,2250,9.964656645637042e-05,True,0.0019924322374186656,510.62059294871796,6,194
Breast,outer_refit,,0.01,3650,9.989916717554186e-05,True,0.10024941800099142,510.57559294871794,6,194
Breast,outer_refit,,0.001,1820,9.976490634231103e-05,True,0.5783104700165758,510.57109294871793,6,194
Breast,outer_refit,,0.0001,640,9.996049524207284e-05,True,0.9221989122761666,510.57064294871793,6,194
CNS/Brain,inner,1.0,0.0001,500,9.99358091163551e-05,True,0.9155046808486462,538.4766248031495,6,148
CNS/Brain,inner,1.0,0.001,1480,9.994898233424142e-05,True,0.572057620387507,538.4770748031495,6,148
CNS/Brain,inner,1.0,0.01,3690,9.999287462748033e-05,True,0.10006370385731472,538.4815748031496,6,148
CNS/Brain,inner,1.0,0.1,2350,9.942433750618817e-05,True,0.0023526750648756676,538.5265748031495,6,148
CNS/Brain,inner,2.0,0.0001,490,9.992671292039373e-05,True,0.9112300596983974,515.3196312807881,6,157
CNS/Brain,inner,2.0,0.001,1460,9.99473935517161e-05,True,0.5632191540525454,515.3200812807881,6,157
CNS/Brain,inner,2.0,0.01,3610,9.983154848416793e-05,True,0.09801836261911627,515.3245812807882,6,157
CNS/Brain,inner,2.0,0.1,2240,9.973449466654872e-05,True,0.0021025113665578184,515.3695812807881,6,157
CNS/Brain,inner,3.0,0.0001,480,9.978569552006446e-05,True,0.9110134523797687,515.5462842271294,6,154
CNS/Brain,inner,3.0,0.001,1450,9.995411305969633e-05,True,0.5635009211137452,515.5467342271294,6,154
CNS/Brain,inner,3.0,0.01,3570,9.995927811139514e-05,True,0.09805387201561278,515.5512342271294,6,154
CNS/Brain,inner,3.0,0.1,2300,9.995856396429407e-05,True,0.002200517300888161,515.5962342271293,6,154
CNS/Brain,inner,4.0,0.0001,480,9.93545639892589e-05,True,0.9135234340711239,534.0856650793651,5,149
CNS/Brain,inner,4.0,0.001,1440,9.973468385397156e-05,True,0.5732484279990171,534.0861150793651,5,149
CNS/Brain,inner,4.0,0.01,3730,9.999372088967143e-05,True,0.10011519248223465,534.0906150793651,5,149
CNS/Brain,inner,4.0,0.1,2350,9.991511629551325e-05,True,0.002240998012894172,534.135615079365,5,149
CNS/Brain,inner,5.0,0.0001,530,9.992699981144036e-05,True,0.9158764642299645,547.145177952756,6,132
CNS/Brain,inner,5.0,0.001,1520,9.999404457723427e-05,True,0.5729709220653969,547.145627952756,6,132
CNS/Brain,inner,5.0,0.01,3570,9.998321380993209e-05,True,0.10005038783362853,547.150127952756,6,132
CNS/Brain,inner,5.0,0.1,2460,9.997093719123578e-05,True,0.002299410970130916,547.1951279527559,6,132
CNS/Brain,outer_refit,,0.1,2290,9.998032262203913e-05,True,0.002011074670579329,499.804182449495,6,185
CNS/Brain,outer_refit,,0.01,3570,9.998459119860557e-05,True,0.10114993629614269,499.759182449495,6,185
CNS/Brain,outer_refit,,0.001,1750,9.998191349822867e-05,True,0.579917447755025,499.75468244949496,6,185
CNS/Brain,outer_refit,,0.0001,620,9.962082350634565e-05,True,0.9222892836902501,499.75423244949496,6,185
Esophagus/Stomach,inner,1.0,0.0001,510,9.998064259124871e-05,True,0.9098700498125815,601.1594672297297,6,147
Esophagus/Stomach,inner,1.0,0.001,1530,9.991455518243214e-05,True,0.5597351496152912,601.1599172297297,6,147
Esophagus/Stomach,inner,1.0,0.01,3550,9.989188236736029e-05,True,0.0972731979336372,601.1644172297297,6,147
Esophagus/Stomach,inner,1.0,0.1,2510,9.997500897298123e-05,True,0.002222710673698474,601.2094172297296,6,147
Esophagus/Stomach,inner,2.0,0.0001,500,9.981710419794758e-05,True,0.9112881175616692,590.3057455645161,6,154
Esophagus/Stomach,inner,2.0,0.001,1480,9.979963186240413e-05,True,0.5640642776891621,590.3061955645161,6,154
Esophagus/Stomach,inner,2.0,0.01,3630,9.999960470104591e-05,True,0.09794468062138603,590.3106955645161,6,154
Esophagus/Stomach,inner,2.0,0.1,2710,9.985896789483468e-05,True,0.002124172098420684,590.355695564516,6,154
Esophagus/Stomach,inner,3.0,0.0001,500,9.999379319938774e-05,True,0.9151582866858228,520.9803436630602,6,138
Esophagus/Stomach,inner,3.0,0.001,1500,9.994141847347598e-05,True,0.570122890919395,520.9807936630602,6,138
Esophagus/Stomach,inner,3.0,0.01,3570,9.999617582854051e-05,True,0.09981655845769907,520.9852936630602,6,138
Esophagus/Stomach,inner,3.0,0.1,2480,9.99731718525021e-05,True,0.0022981681412535386,521.0302936630602,6,138
Esophagus/Stomach,inner,4.0,0.0001,500,9.953634070597383e-05,True,0.916060225356834,550.4401867187499,6,159
Esophagus/Stomach,inner,4.0,0.001,1470,9.991419827875773e-05,True,0.5776704131447263,550.4406367187499,6,159
Esophagus/Stomach,inner,4.0,0.01,3680,9.997575440079092e-05,True,0.1001015213645835,550.44513671875,6,159
Esophagus/Stomach,inner,4.0,0.1,2430,9.998691726916614e-05,True,0.002251650831843122,550.4901367187499,6,159
Esophagus/Stomach,inner,5.0,0.0001,520,9.927569979985176e-05,True,0.9154384558241802,536.0377867424243,5,134
Esophagus/Stomach,inner,5.0,0.001,1510,9.987913124061061e-05,True,0.5738311371955247,536.0382367424243,5,134
Esophagus/Stomach,inner,5.0,0.01,3610,9.992773312860542e-05,True,0.10099635815629532,536.0427367424243,5,134
Esophagus/Stomach,inner,5.0,0.1,2380,9.976684222695932e-05,True,0.002328706222240529,536.0877367424242,5,134
Esophagus/Stomach,outer_refit,,0.1,2280,9.995750607461997e-05,True,0.0020222601304757267,528.6465523097826,6,183
Esophagus/Stomach,outer_refit,,0.01,3680,9.992574525663204e-05,True,0.10046513758470767,528.6015523097826,6,183
Esophagus/Stomach,outer_refit,,0.001,1780,9.983940263922046e-05,True,0.5772505145311553,528.5970523097826,6,183
Esophagus/Stomach,outer_refit,,0.0001,630,9.994607353439862e-05,True,0.9212557827052195,528.5966023097826,6,183
Head and Neck,inner,1.0,0.0001,490,9.930778709057993e-05,True,0.9091573762248967,589.2343215231788,5,151
Head and Neck,inner,1.0,0.001,1460,9.996722614186576e-05,True,0.5606599918470425,589.2347715231788,5,151
Head and Neck,inner,1.0,0.01,3500,9.997794880325018e-05,True,0.09779003719964377,589.2392715231788,5,151
Head and Neck,inner,1.0,0.1,2360,9.998776709432288e-05,True,0.0023411345110143046,589.2842715231787,5,151
Head and Neck,inner,2.0,0.0001,490,9.972358370367117e-05,True,0.9105099291374483,574.1955578124999,5,160
Head and Neck,inner,2.0,0.001,1430,9.998241324532627e-05,True,0.5621222687947685,574.1960078124999,5,160
Head and Neck,inner,2.0,0.01,3550,9.990715238020454e-05,True,0.09827917913638307,574.2005078125,5,160
Head and Neck,inner,2.0,0.1,2250,9.984602738614234e-05,True,0.0021305637897900544,574.2455078124999,5,160
Head and Neck,inner,3.0,0.0001,490,9.967860680751911e-05,True,0.9145409558277311,523.9560577519379,5,139
Head and Neck,inner,3.0,0.001,1440,9.986044181421085e-05,True,0.5719597920001591,523.9565077519379,5,139
Head and Neck,inner,3.0,0.01,3600,9.994757349768555e-05,True,0.10105849960016419,523.9610077519379,5,139
Head and Neck,inner,3.0,0.1,2330,9.98031980497889e-05,True,0.002256799694335115,524.0060077519379,5,139
Head and Neck,inner,4.0,0.0001,470,9.983561316371401e-05,True,0.9143552416840545,535.2006702290076,5,166
Head and Neck,inner,4.0,0.001,1410,9.987637023090876e-05,True,0.5761951752672793,535.2011202290076,5,166
Head and Neck,inner,4.0,0.01,3570,9.994613497869509e-05,True,0.10070713412183131,535.2056202290076,5,166
Head and Neck,inner,4.0,0.1,2360,9.990831206722855e-05,True,0.0022912438089367207,535.2506202290076,5,166
Head and Neck,inner,5.0,0.0001,510,9.951278421075549e-05,True,0.9153947792664895,532.934303875969,5,144
Head and Neck,inner,5.0,0.001,1470,9.992884560353048e-05,True,0.5742849472827499,532.934753875969,5,144
Head and Neck,inner,5.0,0.01,3560,9.996254064660626e-05,True,0.10066647586284283,532.939253875969,5,144
Head and Neck,inner,5.0,0.1,2360,9.995066829613645e-05,True,0.0023299490511179068,532.984253875969,5,144
Head and Neck,outer_refit,,0.1,2230,9.986415072361979e-05,True,0.002032025214512264,513.7925164473684,5,190
Head and Neck,outer_refit,,0.01,3510,9.994846640946514e-05,True,0.1011254348125601,513.7475164473684,5,190
Head and Neck,outer_refit,,0.001,1730,9.995541840521564e-05,True,0.577542224223374,513.7430164473684,5,190
Head and Neck,outer_refit,,0.0001,610,9.995157776794385e-05,True,0.9208277169304542,513.7425664473684,5,190
Kidney,inner,1.0,0.0001,530,9.871791498681155e-05,True,0.9151055552320255,560.1790096273292,6,160
Kidney,inner,1.0,0.001,1520,9.989570898708621e-05,True,0.5708513661885208,560.1794596273292,6,160
Kidney,inner,1.0,0.01,3640,9.997053898635848e-05,True,0.09882229535579705,560.1839596273292,6,160
Kidney,inner,1.0,0.1,2380,9.994378745836983e-05,True,0.0022807685369702533,560.2289596273291,6,160
Kidney,inner,2.0,0.0001,510,9.985163903136847e-05,True,0.9138169192331674,540.2501862645348,6,171
Kidney,inner,2.0,0.001,1530,9.970368284712957e-05,True,0.56545589093786,540.2506362645348,6,171
Kidney,inner,2.0,0.01,3550,9.999215384913669e-05,True,0.09889420188370246,540.2551362645348,6,171
Kidney,inner,2.0,0.1,2280,9.990611384739262e-05,True,0.0019910118615588056,540.3001362645348,6,171
Kidney,inner,3.0,0.0001,520,9.973760917794887e-05,True,0.9168439177375117,537.2667533773862,6,161
Kidney,inner,3.0,0.001,1540,9.997405960518888e-05,True,0.5753285684457822,537.2672033773862,6,161
Kidney,inner,3.0,0.01,3590,9.998688948874979e-05,True,0.10033836903921516,537.2717033773862,6,161
Kidney,inner,3.0,0.1,2400,9.969891616427832e-05,True,0.0021463654712309973,537.3167033773861,6,161
Kidney,inner,4.0,0.0001,530,9.935323947213628e-05,True,0.9157567975637714,529.3420085987261,6,178
Kidney,inner,4.0,0.001,1550,9.987336188149867e-05,True,0.5740639012895592,529.3424585987261,6,178
Kidney,inner,4.0,0.01,3760,9.999771795302544e-05,True,0.10010116627061853,529.3469585987261,6,178
Kidney,inner,4.0,0.1,2330,9.991324131111019e-05,True,0.002214188418539314,529.3919585987261,6,178
Kidney,inner,5.0,0.0001,500,9.998365365560666e-05,True,0.9098530053022631,491.4262170524691,5,162
Kidney,inner,5.0,0.001,1480,9.981532159715244e-05,True,0.5592753029306615,491.4266670524691,5,162
Kidney,inner,5.0,0.01,3540,9.995329596986854e-05,True,0.09781010000866429,491.4311670524691,5,162
Kidney,inner,5.0,0.1,2270,9.990421315035298e-05,True,0.0021886216530618333,491.4761670524691,5,162
Kidney,outer_refit,,0.1,2240,9.996392571344898e-05,True,0.0019302907935497891,496.3344273325359,6,208
Kidney,outer_refit,,0.01,3670,9.991106071513305e-05,True,0.10029043135394489,496.28942733253587,6,208
Kidney,outer_refit,,0.001,1830,9.958659534834673e-05,True,0.5773309433142199,496.28492733253586,6,208
Kidney,outer_refit,,0.0001,650,9.947193238207575e-05,True,0.9222095650951154,496.28447733253586,6,208
Liver,inner,1.0,0.0001,530,9.986176157521577e-05,True,0.9156055275346963,561.9880158385093,6,160
Liver,inner,1.0,0.001,1540,9.988258435453509e-05,True,0.5720285026823798,561.9884658385093,6,160
Liver,inner,1.0,0.01,3600,9.995889797431012e-05,True,0.09914720633374004,561.9929658385093,6,160
Liver,inner,1.0,0.1,2370,9.995019574478113e-05,True,0.0023269307524157045,562.0379658385093,6,160
Liver,inner,2.0,0.0001,510,9.987058588927377e-05,True,0.9135692411926044,546.0051970588236,6,169
Liver,inner,2.0,0.001,1520,9.983937827430168e-05,True,0.5653516708591427,546.0056470588236,6,169
Liver,inner,2.0,0.01,3540,9.999368499719397e-05,True,0.09882904214113139,546.0101470588236,6,169
Liver,inner,2.0,0.1,2460,9.99511068142072e-05,True,0.0020352210601969492,546.0551470588235,6,169
Liver,inner,3.0,0.0001,520,9.996075652796974e-05,True,0.9181373475048967,542.4910615499255,6,167
Liver,inner,3.0,0.001,1540,9.991238946828396e-05,True,0.577491445786384,542.4915115499255,6,167
Liver,inner,3.0,0.01,3660,9.999330073675984e-05,True,0.10035772166030575,542.4960115499255,6,167
Liver,inner,3.0,0.1,2410,9.979662864923745e-05,True,0.0021193783298936565,542.5410115499254,6,167
Liver,inner,4.0,0.0001,520,9.93024530146283e-05,True,0.916764909330307,538.45708125,6,178
Liver,inner,4.0,0.001,1510,9.991197709714095e-05,True,0.575284714341109,538.45753125,6,178
Liver,inner,4.0,0.01,3660,9.995061666200876e-05,True,0.10048662076958804,538.46203125,6,178
Liver,inner,4.0,0.1,2350,9.971189942237824e-05,True,0.002268872889143925,538.50703125,6,178
Liver,inner,5.0,0.0001,500,9.980218846908954e-05,True,0.9103993173673618,568.178254113924,5,158
Liver,inner,5.0,0.001,1500,9.999768339914928e-05,True,0.5611004859105817,568.178704113924,5,158
Liver,inner,5.0,0.01,3480,9.985253139411818e-05,True,0.09823496993774493,568.183204113924,5,158
Liver,inner,5.0,0.1,2520,9.965795473520718e-05,True,0.002220935203873649,568.228204113924,5,158
Liver,outer_refit,,0.1,2250,9.993325114980113e-05,True,0.0019860405460492957,497.25828349282295,6,208
Liver,outer_refit,,0.01,3670,9.997292425089531e-05,True,0.1005002918872392,497.21328349282294,6,208
Liver,outer_refit,,0.001,1820,9.97409719145782e-05,True,0.5784794947438991,497.20878349282293,6,208
Liver,outer_refit,,0.0001,640,9.998865723836263e-05,True,0.9227493079218623,497.20833349282293,6,208
Lung,inner,1.0,0.0001,480,9.967419701536513e-05,True,0.9129275863979126,576.3771236882716,6,161
Lung,inner,1.0,0.001,1430,9.982749669374117e-05,True,0.5674587984472451,576.3775736882716,6,161
Lung,inner,1.0,0.01,3620,9.995804581907071e-05,True,0.09823550257869237,576.3820736882716,6,161
Lung,inner,1.0,0.1,2470,9.998258127471686e-05,True,0.002181519773762533,576.4270736882715,6,161
Lung,inner,2.0,0.0001,490,9.9806035607888e-05,True,0.9153587372290456,553.5837093904448,6,137
Lung,inner,2.0,0.001,1420,9.982809540270663e-05,True,0.5724049022852428,553.5841593904448,6,137
Lung,inner,2.0,0.01,3720,9.999953394496778e-05,True,0.09914489822296776,553.5886593904448,6,137
Lung,inner,2.0,0.1,2660,9.980056009129421e-05,True,0.002424581592781082,553.6336593904448,6,137
Lung,inner,3.0,0.0001,470,9.992879980537855e-05,True,0.9136652941101274,554.150302016129,6,154
Lung,inner,3.0,0.001,1410,9.989134155162473e-05,True,0.5710914097088372,554.150752016129,6,154
Lung,inner,3.0,0.01,3590,9.990657754528776e-05,True,0.09908204659116895,554.155252016129,6,154
Lung,inner,3.0,0.1,2610,9.99925540890628e-05,True,0.002410910475129929,554.200252016129,6,154
Lung,inner,4.0,0.0001,440,9.991879534869295e-05,True,0.9075669103558184,633.0975913602941,5,136
Lung,inner,4.0,0.001,1390,9.997229841982605e-05,True,0.5601053350737673,633.0980413602941,5,136
Lung,inner,4.0,0.01,3710,9.996283131400187e-05,True,0.09715868012993599,633.1025413602941,5,136
Lung,inner,4.0,0.1,2580,9.942066332632053e-05,True,0.0023393590411894794,633.1475413602941,5,136
Lung,inner,5.0,0.0001,520,9.93984687180029e-05,True,0.9150862026109349,574.7028411324786,6,116
Lung,inner,5.0,0.001,1490,9.964037822361673e-05,True,0.5723081391797897,574.7032911324786,6,116
Lung,inner,5.0,0.01,3680,9.999116885991516e-05,True,0.09986396350202191,574.7077911324786,6,116
Lung,inner,5.0,0.1,2520,9.998669728588162e-05,True,0.002432038566045347,574.7527911324786,6,116
Lung,outer_refit,,0.1,2280,9.998752982098048e-05,True,0.0021222190816133765,545.9077860169491,6,176
Lung,outer_refit,,0.01,3560,9.996445736307471e-05,True,0.10016224243259252,545.8627860169491,6,176
Lung,outer_refit,,0.001,1690,9.99312403879681e-05,True,0.5754494779408527,545.8582860169491,6,176
Lung,outer_refit,,0.0001,600,9.981992841708669e-05,True,0.9193096902302287,545.8578360169491,6,176
Lymphoid,inner,1.0,0.0001,490,9.997655065981497e-05,True,0.9144214667085204,592.7824503067485,6,162
Lymphoid,inner,1.0,0.001,1460,9.979335771152948e-05,True,0.5709325051595153,592.7829003067485,6,162
Lymphoid,inner,1.0,0.01,3610,9.995275366712367e-05,True,0.09908701790667847,592.7874003067485,6,162
Lymphoid,inner,1.0,0.1,2610,9.987514283711453e-05,True,0.0022246636905057814,592.8324003067485,6,162
Lymphoid,inner,2.0,0.0001,490,9.979926042125102e-05,True,0.9104960804728147,515.6085804054054,6,157
Lymphoid,inner,2.0,0.001,1440,9.977252638444891e-05,True,0.5615454186486828,515.6090304054054,6,157
Lymphoid,inner,2.0,0.01,3610,9.990996028517518e-05,True,0.09760716380768679,515.6135304054054,6,157
Lymphoid,inner,2.0,0.1,2250,9.992178920670215e-05,True,0.002156840743197465,515.6585304054054,6,157
Lymphoid,inner,3.0,0.0001,470,9.926152223596365e-05,True,0.9109170443682807,575.6592472305389,6,166
Lymphoid,inner,3.0,0.001,1410,9.96723012326896e-05,True,0.5660618587890728,575.6596972305389,6,166
Lymphoid,inner,3.0,0.01,3640,9.99298442193656e-05,True,0.09859024144969242,575.6641972305389,6,166
Lymphoid,inner,3.0,0.1,2470,9.999041738384353e-05,True,0.0020256335231428942,575.7091972305388,6,166
Lymphoid,inner,4.0,0.0001,450,9.978498294496906e-05,True,0.9101461353703417,575.9060070312499,5,160
Lymphoid,inner,4.0,0.001,1400,9.994717246874868e-05,True,0.5652399938071613,575.9064570312499,5,160
Lymphoid,inner,4.0,0.01,3510,9.999411691774249e-05,True,0.09849365589122193,575.91095703125,5,160
Lymphoid,inner,4.0,0.1,2300,9.990164410324388e-05,True,0.002093811564416176,575.9559570312499,5,160
Lymphoid,inner,5.0,0.0001,470,9.982096225595779e-05,True,0.9032569573560556,546.666065625,6,139
Lymphoid,inner,5.0,0.001,1430,9.993448107092159e-05,True,0.5440593489849284,546.666515625,6,139
Lymphoid,inner,5.0,0.01,3540,9.99851297695933e-05,True,0.09571113958175613,546.671015625,6,139
Lymphoid,inner,5.0,0.1,2470,9.99639263980185e-05,True,0.0021239945514382017,546.716015625,6,139
Lymphoid,outer_refit,,0.1,2230,9.996377741513412e-05,True,0.0018697472725232552,536.2933375634517,6,196
Lymphoid,outer_refit,,0.01,3580,9.998294065315543e-05,True,0.10058178595219867,536.2483375634517,6,196
Lymphoid,outer_refit,,0.001,1730,9.969644436363762e-05,True,0.5780633246169602,536.2438375634517,6,196
Lymphoid,outer_refit,,0.0001,600,9.99952873390737e-05,True,0.9211130349313035,536.2433875634517,6,196
Myeloid,inner,1.0,0.0001,520,9.966151579128769e-05,True,0.9125859860036163,571.9722886006289,6,158
Myeloid,inner,1.0,0.001,1540,9.999112366776334e-05,True,0.564826664431942,571.9727386006289,6,158
Myeloid,inner,1.0,0.01,3630,9.994945773594743e-05,True,0.09763432849600662,571.9772386006289,6,158
Myeloid,inner,1.0,0.1,2380,9.992950186052926e-05,True,0.002217029170259034,572.0222386006288,6,158
Myeloid,inner,2.0,0.0001,510,9.976165152896338e-05,True,0.91404453446471,562.7477789244186,6,171
Myeloid,inner,2.0,0.001,1500,9.99280771278193e-05,True,0.5678717727284994,562.7482289244186,6,171
Myeloid,inner,2.0,0.01,3580,9.989646136740682e-05,True,0.09949928200000284,562.7527289244186,6,171
Myeloid,inner,2.0,0.1,2330,9.985996350973698e-05,True,0.0019578105758345774,562.7977289244186,6,171
Myeloid,inner,3.0,0.0001,500,9.989420748417967e-05,True,0.9135324889672305,513.9764851851852,6,163
Myeloid,inner,3.0,0.001,1500,9.993916345491187e-05,True,0.5680997430540069,513.9769351851852,6,163
Myeloid,inner,3.0,0.01,3610,9.993551535482297e-05,True,0.09859716578200924,513.9814351851852,6,163
Myeloid,inner,3.0,0.1,2340,9.988779753126264e-05,True,0.002100913443715476,514.0264351851852,6,163
Myeloid,inner,4.0,0.0001,510,9.948730832224957e-05,True,0.9106942229052651,505.0580659023669,6,166
Myeloid,inner,4.0,0.001,1510,9.964080833458724e-05,True,0.5613527801726893,505.0585159023669,6,166
Myeloid,inner,4.0,0.01,3450,9.986768166205263e-05,True,0.09833812473456727,505.0630159023669,6,166
Myeloid,inner,4.0,0.1,2280,9.953089258721019e-05,True,0.0021767260052355055,505.1080159023669,6,166
Myeloid,inner,5.0,0.0001,490,9.98431206398932e-05,True,0.9100129751334798,567.7553901898734,5,158
Myeloid,inner,5.0,0.001,1490,9.951633836308979e-05,True,0.5607176946163493,567.7558401898734,5,158
Myeloid,inner,5.0,0.01,3470,9.993725160895055e-05,True,0.09830048477428097,567.7603401898734,5,158
Myeloid,inner,5.0,0.1,2520,9.993689356922492e-05,True,0.0022537813956329126,567.8053401898734,5,158
Myeloid,outer_refit,,0.1,2220,9.992831776529372e-05,True,0.001924964384075314,507.51840701219515,6,204
Myeloid,outer_refit,,0.01,3630,9.990154816823347e-05,True,0.09962942393816251,507.47340701219514,6,204
Myeloid,outer_refit,,0.001,1800,9.999457946581624e-05,True,0.5739751277983179,507.46890701219513,6,204
Myeloid,outer_refit,,0.0001,630,9.999956358101114e-05,True,0.9208431635179302,507.46845701219513,6,204
Ovary/Fallopian Tube,inner,1.0,0.0001,510,9.92580439512438e-05,True,0.9154059647263859,567.6108773237179,6,155
Ovary/Fallopian Tube,inner,1.0,0.001,1530,9.982232499119548e-05,True,0.5726339378926452,567.6113273237179,6,155
Ovary/Fallopian Tube,inner,1.0,0.01,3620,9.998833815550888e-05,True,0.09884555401050225,567.6158273237179,6,155
Ovary/Fallopian Tube,inner,1.0,0.1,2420,9.991903671941767e-05,True,0.002320894155011299,567.6608273237179,6,155
Ovary/Fallopian Tube,inner,2.0,0.0001,500,9.976261740916608e-05,True,0.9139152802614627,587.0456711419753,6,161
Ovary/Fallopian Tube,inner,2.0,0.001,1490,9.991819013916268e-05,True,0.5716757168281871,587.0461211419753,6,161
Ovary/Fallopian Tube,inner,2.0,0.01,3680,9.999198154425021e-05,True,0.09844394273612683,587.0506211419753,6,161
Ovary/Fallopian Tube,inner,2.0,0.1,2490,9.992985736763571e-05,True,0.002075169131255513,587.0956211419752,6,161
Ovary/Fallopian Tube,inner,3.0,0.0001,500,9.982582413969303e-05,True,0.9114748969872407,501.01830682852807,6,148
Ovary/Fallopian Tube,inner,3.0,0.001,1530,9.987867119856421e-05,True,0.5626536669133386,501.01875682852807,6,148
Ovary/Fallopian Tube,inner,3.0,0.01,3510,9.997895063940266e-05,True,0.09789070633871134,501.0232568285281,6,148
Ovary/Fallopian Tube,inner,3.0,0.1,2470,9.990825323907601e-05,True,0.0020757017722029605,501.0682568285281,6,148
Ovary/Fallopian Tube,inner,4.0,0.0001,500,9.911865712464073e-05,True,0.9156248801557868,548.1922679383117,6,154
Ovary/Fallopian Tube,inner,4.0,0.001,1480,9.978272504070479e-05,True,0.5761958854552092,548.1927179383117,6,154
Ovary/Fallopian Tube,inner,4.0,0.01,3610,9.99683184027839e-05,True,0.1004931900079399,548.1972179383117,6,154
Ovary/Fallopian Tube,inner,4.0,0.1,2430,9.99973119622929e-05,True,0.0022528936607204997,548.2422179383117,6,154
Ovary/Fallopian Tube,inner,5.0,0.0001,490,9.995281178228946e-05,True,0.9148356838186521,524.2101825757576,5,154
Ovary/Fallopian Tube,inner,5.0,0.001,1470,9.99882360364455e-05,True,0.5740997657800208,524.2106325757576,5,154
Ovary/Fallopian Tube,inner,5.0,0.01,3580,9.998603884079348e-05,True,0.10023947536997241,524.2151325757576,5,154
Ovary/Fallopian Tube,inner,5.0,0.1,2360,9.979867912742882e-05,True,0.002271891187846128,524.2601325757576,5,154
Ovary/Fallopian Tube,outer_refit,,0.1,2270,9.990936705663243e-05,True,0.001971836787450695,520.0548727448453,6,193
Ovary/Fallopian Tube,outer_refit,,0.01,3550,9.994700251066522e-05,True,0.10016259752655748,520.0098727448453,6,193
Ovary/Fallopian Tube,outer_refit,,0.001,1790,9.990302261632577e-05,True,0.5778618087918425,520.0053727448453,6,193
Ovary/Fallopian Tube,outer_refit,,0.0001,620,9.986871940316261e-05,True,0.9216652060468241,520.0049227448453,6,193
Pancreas,inner,1.0,0.0001,520,9.969146943544821e-05,True,0.9159726946944701,547.0156242694806,6,153
Pancreas,inner,1.0,0.001,1510,9.998707849979387e-05,True,0.5723372568849169,547.0160742694806,6,153
Pancreas,inner,1.0,0.01,3550,9.999619889636843e-05,True,0.09941104114970904,547.0205742694806,6,153
Pancreas,inner,1.0,0.1,2400,9.989423116145569e-05,True,0.0023260430175032916,547.0655742694805,6,153
Pancreas,inner,2.0,0.0001,500,9.990746172031503e-05,True,0.9123681358561102,560.5754406249999,6,159
Pancreas,inner,2.0,0.001,1510,9.995922016679557e-05,True,0.5639057282338052,560.5758906249999,6,159
Pancreas,inner,2.0,0.01,3660,9.991534331052098e-05,True,0.09804108863287403,560.580390625,6,159
Pancreas,inner,2.0,0.1,2450,9.996524959608341e-05,True,0.0020767670540978553,560.6253906249999,6,159
Pancreas,inner,3.0,0.0001,500,9.974741964413614e-05,True,0.9114306877886026,501.1518424886191,6,149
Pancreas,inner,3.0,0.001,1530,9.948517174574458e-05,True,0.5626314735405283,501.1522924886191,6,149
Pancreas,inner,3.0,0.01,3470,9.99308728559423e-05,True,0.0979237300774531,501.1567924886191,6,149
Pancreas,inner,3.0,0.1,2500,9.979912955649425e-05,True,0.002068244798938695,501.2017924886191,6,149
Pancreas,inner,4.0,0.0001,520,9.975669452385595e-05,True,0.9163105666021343,539.9289586102719,6,160
Pancreas,inner,4.0,0.001,1510,9.998533343450859e-05,True,0.573477286059437,539.9294086102719,6,160
Pancreas,inner,4.0,0.01,3550,9.993487004051046e-05,True,0.10031812868321215,539.9339086102719,6,160
Pancreas,inner,4.0,0.1,2370,9.994125819098752e-05,True,0.0022264391603306066,539.9789086102719,6,160
Pancreas,inner,5.0,0.0001,510,9.937921548602315e-05,True,0.9167459118031813,554.3469687062936,5,143
Pancreas,inner,5.0,0.001,1470,9.983979255493335e-05,True,0.5777105387627675,554.3474187062936,5,143
Pancreas,inner,5.0,0.01,3540,9.996543063382453e-05,True,0.10170050948882094,554.3519187062936,5,143
Pancreas,inner,5.0,0.1,2550,9.977589400394233e-05,True,0.0023010088929732585,554.3969187062936,5,143
Pancreas,outer_refit,,0.1,2230,9.99713066013685e-05,True,0.001972546975380625,499.7699300130208,6,191
Pancreas,outer_refit,,0.01,3590,9.99273902646293e-05,True,0.10035860939521817,499.7249300130208,6,191
Pancreas,outer_refit,,0.001,1790,9.97956689155581e-05,True,0.5763835526156932,499.7204300130208,6,191
Pancreas,outer_refit,,0.0001,630,9.999509951173552e-05,True,0.9217621466992596,499.7199800130208,6,191
Peripheral Nervous System,inner,1.0,0.0001,530,9.93866390517263e-05,True,0.9162228583927879,550.3857671474359,6,155
Peripheral Nervous System,inner,1.0,0.001,1510,9.994022072869405e-05,True,0.573888662417849,550.3862171474359,6,155
Peripheral Nervous System,inner,1.0,0.01,3550,9.99600349141316e-05,True,0.099512953117654,550.3907171474359,6,155
Peripheral Nervous System,inner,1.0,0.1,2470,9.993900892527317e-05,True,0.0023333224437850743,550.4357171474359,6,155
Peripheral Nervous System,inner,2.0,0.0001,500,9.995349283687646e-05,True,0.9113372980758169,540.005616991018,6,166
Peripheral Nervous System,inner,2.0,0.001,1480,9.990393158458638e-05,True,0.5602889186536542,540.006066991018,6,166
Peripheral Nervous System,inner,2.0,0.01,3500,9.999770896962168e-05,True,0.09818756489342209,540.010566991018,6,166
Peripheral Nervous System,inner,2.0,0.1,2400,9.976946575766503e-05,True,0.00204800444293569,540.0555669910179,6,166
Peripheral Nervous System,inner,3.0,0.0001,520,9.987693915996886e-05,True,0.917037976589365,538.3086552052786,6,159
Peripheral Nervous System,inner,3.0,0.001,1530,9.994135082167024e-05,True,0.5757305348141225,538.3091052052786,6,159
Peripheral Nervous System,inner,3.0,0.01,3710,9.998076610207284e-05,True,0.10016827902999692,538.3136052052786,6,159
Peripheral Nervous System,inner,3.0,0.1,2380,9.992833222826593e-05,True,0.0022122354017320065,538.3586052052785,6,159
Peripheral Nervous System,inner,4.0,0.0001,520,9.994234459941804e-05,True,0.9167377446419872,540.1734595982143,6,176
Peripheral Nervous System,inner,4.0,0.001,1510,9.983782162488671e-05,True,0.5757243206697357,540.1739095982143,6,176
Peripheral Nervous System,inner,4.0,0.01,3630,9.999740463519243e-05,True,0.10050987942429325,540.1784095982143,6,176
Peripheral Nervous System,inner,4.0,0.1,2350,9.995905724328381e-05,True,0.0022534263016679473,540.2234095982143,6,176
Peripheral Nervous System,inner,5.0,0.0001,500,9.958101885293952e-05,True,0.9103567060915659,557.6904045673077,5,156
Peripheral Nervous System,inner,5.0,0.001,1480,9.995421306570389e-05,True,0.559701593235602,557.6908545673077,5,156
Peripheral Nervous System,inner,5.0,0.01,3500,9.984432180001075e-05,True,0.09857071128161934,557.6953545673077,5,156
Peripheral Nervous System,inner,5.0,0.1,2430,9.999226433644996e-05,True,0.0021921725927114832,557.7403545673077,5,156
Peripheral Nervous System,outer_refit,,0.1,2230,9.947253341615348e-05,True,0.0019821345124346806,487.2435891544118,6,203
Peripheral Nervous System,outer_refit,,0.01,3700,9.999400623677941e-05,True,0.10050792640748595,487.19858915441176,6,203
Peripheral Nervous System,outer_refit,,0.001,1790,9.987931449155313e-05,True,0.5773407083982564,487.19408915441176,6,203
Peripheral Nervous System,outer_refit,,0.0001,640,9.991358495496842e-05,True,0.9223753939767542,487.19363915441176,6,203
Skin,inner,1.0,0.0001,490,9.936883477801786e-05,True,0.9111466126166307,554.3477296407185,6,166
Skin,inner,1.0,0.001,1460,9.994872991189166e-05,True,0.564116121408047,554.3481796407185,6,166
Skin,inner,1.0,0.01,3800,9.998760206543316e-05,True,0.09779234531041604,554.3526796407185,6,166
Skin,inner,1.0,0.1,2320,9.998594619830435e-05,True,0.002274376845600883,554.3976796407185,6,166
Skin,inner,2.0,0.0001,480,9.984290479986558e-05,True,0.911731807470893,550.3705666903409,6,175
Skin,inner,2.0,0.001,1450,9.993909507862689e-05,True,0.5661801050794061,550.3710166903409,6,175
Skin,inner,2.0,0.01,3580,9.996435882727485e-05,True,0.09830900702944013,550.3755166903409,6,175
Skin,inner,2.0,0.1,2450,9.992767166768163e-05,True,0.002144590001406172,550.4205166903408,6,175
Skin,inner,3.0,0.0001,500,9.973176624804036e-05,True,0.9162189523591733,547.4250793427229,6,157
Skin,inner,3.0,0.001,1470,9.999236939318603e-05,True,0.5749782682493442,547.4255293427229,6,157
Skin,inner,3.0,0.01,3650,9.988003283576576e-05,True,0.10050419792085381,547.430029342723,6,157
Skin,inner,3.0,0.1,2370,9.997921393663476e-05,True,0.002220225015943719,547.4750293427229,6,157
Skin,inner,4.0,0.0001,460,9.972448026151798e-05,True,0.91404524465264,537.9605582417582,5,169
Skin,inner,4.0,0.001,1390,9.985616636867117e-05,True,0.5761188300648118,537.9610082417582,5,169
Skin,inner,4.0,0.01,3690,9.995345515823137e-05,True,0.10037583145251897,537.9655082417582,5,169
Skin,inner,4.0,0.1,2380,9.960308646683016e-05,True,0.0022324757577350117,538.0105082417582,5,169
Skin,inner,5.0,0.0001,500,9.997514933473538e-05,True,0.9164593509734545,553.7486553719008,6,153
Skin,inner,5.0,0.001,1460,9.98663608222962e-05,True,0.5766536015760491,553.7491053719008,6,153
Skin,inner,5.0,0.01,3680,9.976474907803451e-05,True,0.1005398848643328,553.7536053719008,6,153
Skin,inner,5.0,0.1,2390,9.998537696922446e-05,True,0.002334920366627417,553.7986053719007,6,153
Skin,outer_refit,,0.1,2250,9.993107354619965e-05,True,0.0020068135429997486,496.4878128911139,6,205
Skin,outer_refit,,0.01,3640,9.998973974001536e-05,True,0.10097398723650253,496.4428128911139,6,205
Skin,outer_refit,,0.001,1730,9.997901714696534e-05,True,0.5795566722866204,496.43831289111387,6,205
Skin,outer_refit,,0.0001,610,9.981018580188067e-05,True,0.9216286313684328,496.43786289111387,6,205
Soft Tissue,inner,1.0,0.0001,530,9.970628310257159e-05,True,0.9160786902430121,553.668262890625,6,159
Soft Tissue,inner,1.0,0.001,1530,9.958939307020987e-05,True,0.5721435531270285,553.668712890625,6,159
Soft Tissue,inner,1.0,0.01,3700,9.99347028812534e-05,True,0.09913264748117646,553.673212890625,6,159
Soft Tissue,inner,1.0,0.1,2410,9.98296527514213e-05,True,0.002297990594271056,553.718212890625,6,159
Soft Tissue,inner,2.0,0.0001,500,9.995550061305839e-05,True,0.9117761942165136,533.5293581647398,6,172
Soft Tissue,inner,2.0,0.001,1500,9.993972876609678e-05,True,0.5603881674168618,533.5298081647398,6,172
Soft Tissue,inner,2.0,0.01,3580,9.995639093138178e-05,True,0.09777778645785248,533.5343081647399,6,172
Soft Tissue,inner,2.0,0.1,2220,9.998034054869261e-05,True,0.0020559940571474025,533.5793081647398,6,172
Soft Tissue,inner,3.0,0.0001,500,9.959150799213611e-05,True,0.9129625631534617,513.6843924962852,6,160
Soft Tissue,inner,3.0,0.001,1510,9.994622194161737e-05,True,0.5665222381146499,513.6848424962852,6,160
Soft Tissue,inner,3.0,0.01,3660,9.998087443699426e-05,True,0.09815986756415483,513.6893424962852,6,160
Soft Tissue,inner,3.0,0.1,2330,9.993656220475443e-05,True,0.0021293209609126768,513.7343424962852,6,160
Soft Tissue,inner,4.0,0.0001,530,9.936910546620123e-05,True,0.9173689241647125,551.7838712025316,6,163
Soft Tissue,inner,4.0,0.001,1500,9.990445377662284e-05,True,0.577684616903325,551.7843212025316,6,163
Soft Tissue,inner,4.0,0.01,3610,9.999375916807875e-05,True,0.10117283985688293,551.7888212025316,6,163
Soft Tissue,inner,4.0,0.1,2380,9.997738485591939e-05,True,0.002250940643913192,551.8338212025316,6,163
Soft Tissue,inner,5.0,0.0001,510,9.994298053114163e-05,True,0.915928485495832,524.9761778195489,5,166
Soft Tissue,inner,5.0,0.001,1490,9.992940554954654e-05,True,0.5750524828880218,524.9766278195489,5,166
Soft Tissue,inner,5.0,0.01,3530,9.994005132322808e-05,True,0.10064055400340038,524.9811278195489,5,166
Soft Tissue,inner,5.0,0.1,2370,9.994628827439395e-05,True,0.0023157452925193067,525.0261278195488,5,166
Soft Tissue,outer_refit,,0.1,2250,9.998843590474813e-05,True,0.0019759203680477927,491.3360285194175,6,205
Soft Tissue,outer_refit,,0.01,3560,9.993955155305761e-05,True,0.10049443283681728,491.29102851941747,6,205
Soft Tissue,outer_refit,,0.001,1810,9.982777680113876e-05,True,0.5785096777309211,491.28652851941746,6,205
Soft Tissue,outer_refit,,0.0001,640,9.949725089925433e-05,True,0.9225160111868803,491.28607851941746,6,205
Uterus,inner,1.0,0.0001,530,9.989476667287119e-05,True,0.9159451749121853,567.2451548259494,6,157
Uterus,inner,1.0,0.001,1540,9.996767819572744e-05,True,0.572519064994979,567.2456048259494,6,157
Uterus,inner,1.0,0.01,3680,9.986773028064987e-05,True,0.09888923056819296,567.2501048259494,6,157
Uterus,inner,1.0,0.1,2460,9.99953080536422e-05,True,0.002351077142033325,567.2951048259494,6,157
Uterus,inner,2.0,0.0001,510,9.95254444479199e-05,True,0.9134153079587921,551.7260511227545,6,166
Uterus,inner,2.0,0.001,1510,9.982282777713569e-05,True,0.5657012608676508,551.7265011227545,6,166
Uterus,inner,2.0,0.01,3510,9.995945835868056e-05,True,0.09848832948174746,551.7310011227545,6,166
Uterus,inner,2.0,0.1,2440,9.993268343328612e-05,True,0.0020604327317094648,551.7760011227545,6,166
Uterus,inner,3.0,0.0001,520,9.9853504805361e-05,True,0.917252098250239,539.2773535976505,6,159
Uterus,inner,3.0,0.001,1520,9.964481169580396e-05,True,0.5760312994024479,539.2778035976505,6,159
Uterus,inner,3.0,0.01,3600,9.995494961308528e-05,True,0.10022172067172415,539.2823035976505,6,159
Uterus,inner,3.0,0.1,2380,9.981494910480324e-05,True,0.0022296350060152918,539.3273035976505,6,159
Uterus,inner,4.0,0.0001,520,9.959584733124011e-05,True,0.9167077392019476,538.3940049180328,6,180
Uterus,inner,4.0,0.001,1520,9.966647645280095e-05,True,0.5745919260154622,538.3944549180328,6,180
Uterus,inner,4.0,0.01,3560,9.998389084667359e-05,True,0.09997617319495085,538.3989549180328,6,180
Uterus,inner,4.0,0.1,2340,9.983665835942592e-05,True,0.0022640791206168976,538.4439549180328,6,180
Uterus,inner,5.0,0.0001,510,9.960485511797119e-05,True,0.9098245977850659,567.2408530063291,5,158
Uterus,inner,5.0,0.001,1510,9.995855039690219e-05,True,0.5599020437788248,567.2413030063291,5,158
Uterus,inner,5.0,0.01,3490,9.987566714114989e-05,True,0.09812169496292109,567.2458030063291,5,158
Uterus,inner,5.0,0.1,2470,9.981292640192854e-05,True,0.002181519773762533,567.290803006329,5,158
Uterus,outer_refit,,0.1,2250,9.995826009224895e-05,True,0.001979116213732478,499.92663076456313,6,205
Uterus,outer_refit,,0.01,3640,9.991224047425503e-05,True,0.10023379386653296,499.8816307645631,6,205
Uterus,outer_refit,,0.001,1820,9.999692997105079e-05,True,0.5788729388570804,499.8771307645631,6,205
Uterus,outer_refit,,0.0001,650,9.971045381479953e-05,True,0.9226525448164093,499.8766807645631,6,205
