seed,gene_a,gene_b,nonadditivity
20260911,ARID1A,TP53,-0.00012206920493924162
20260911,LAMC2,THBS1,-0.00044926551151585454
20260911,SMARCA4,TP53,-5.045029137344063e-05
20260911,ATM,TP53,-7.048032308657089e-05
20260911,COL6A3,THBS1,-0.00023852558114231294
20260911,AJUBA,LATS2,-0.00040584434058815906
20260911,ATM,SMARCA4,-7.743409391007083e-05
20260911,DSP,DST,4.227739440081579e-05
20260912,LAMA4,TP53,-2.7425465379018066e-05
20260912,AJUBA,LATS2,-0.0004054298730440124
20260912,ATM,LAMA4,3.580420308367527e-05
20260912,ATM,TP53,-4.856626069936736e-05
20260913,CTNNA1,DSP,-7.625221944163106e-05
20260913,COL6A3,THBS1,-0.00025778598802286227
20260913,AJUBA,LATS2,-0.00040661354640763626
20260913,ATM,SMARCA4,-7.557392514689399e-05
20260913,LAMA4,TP53,-4.4890022971979474e-05
20260913,LAMA4,SMARCA4,-6.603397001295154e-05
20260914,FBN1,LAMC2,2.4514112810054703e-05
20260914,DSP,DST,3.995523693938602e-06
20260914,LAMC2,THBS1,-0.00042040256635949864
20260914,ARID1A,SMARCA4,-0.00042936867392223373
20260915,COL6A3,THBS1,-0.0002610744037968532
20260915,DSP,DST,2.9106783893418048e-05
20260915,LAMC2,THBS1,-0.0004683976618093306
20260915,ATM,LAMA4,4.1967332356113727e-05
20260915,ARID1A,TP53,-0.00012775875707677666
20260915,ATM,SMARCA4,-8.212031229137438e-05
20260915,ARID1A,SMARCA4,-0.000436962371111052
20260916,FBN1,LAMC2,3.51892816040692e-05
20260916,AJUBA,LATS2,-0.000425209671792937
20260916,FBN1,THBS1,-0.0006469154414869478
20260916,MECOM,TP53,-7.500373373892349e-05
20260916,LAMA4,SMARCA4,-6.718920935571315e-05
20260916,DSP,DST,9.702459011643036e-06
20260916,DSC3,DSP,-0.0003883912266016726
20260916,MECOM,SPEN,-1.7824432435825156e-05
20260916,ATM,TP53,-8.899671078139255e-05
20260916,SMARCA4,TP53,-7.107622809709741e-05
20260916,ARID1A,TP53,-0.00010574773649332618
20260916,SPEN,TP53,-0.0001756846356796033
20260917,FBN1,THBS1,-0.0006235012330122031
20260917,COL6A3,THBS1,-0.0002593216191103956
20260917,ATM,TP53,-5.85920404595733e-05
20260917,LAMC2,THBS1,-0.0004358253896367423
20260917,ARID1A,TP53,-0.00010425129859593018
20260917,AJUBA,LATS2,-0.0004158180957693925
20260917,ATM,SMARCA4,-8.383522091454359e-05
20260917,DSC3,DSP,-0.00041989439980602106
20260918,AJUBA,LATS2,-0.00040702864002693296
20260918,DSP,DST,1.192237059882272e-05
20260918,ARID1A,SMARCA4,-0.0003876013264632884
20260918,MECOM,TP53,-7.712905734049173e-05
20260919,SPEN,TP53,-0.00018511502488708026
20260919,COL6A3,THBS1,-0.00026899168396815306
20260920,FBN1,THBS1,-0.000637248950456529
20260920,SMARCA4,TP53,-3.472916727892362e-05
20260921,DSC3,DSP,-0.0004158785913909689
20260921,DSP,DST,4.182039589884889e-05
20260921,MECOM,SPEN,-9.515312812023442e-06
20260921,FBN1,LAMC2,2.1270660880706813e-05
20260921,AJUBA,LATS2,-0.000413506469532894
20260921,SPEN,TP53,-0.00018970581765508478
20260921,ATM,TP53,-7.703463128805538e-05
20260922,ARID1A,TP53,-0.00012337624457340636
20260922,LAMC2,THBS1,-0.00044588240409451467
20260922,DSC3,DSP,-0.0004090950378441078
20260922,CTNNA1,LATS2,-0.00033348874711493703
20260922,NMT2,TP53,-5.478332648464236e-05
20260922,LAMA4,NMT2,-0.00018205226806391897
20260922,SMARCA4,TP53,-4.031209766489118e-05
20260922,LAMA4,TP53,-5.632992204838939e-05
20260922,ARID1A,SMARCA4,-0.00040182962459265194
20260922,CTNNA1,DSP,-6.695710541853336e-05
20260922,NMT2,SMARCA4,-8.168249372719023e-05
20260923,MECOM,TP53,-9.053886770724398e-05
20260923,DSC3,DSP,-0.00043450066808546975
20260923,DSP,DST,1.8226095859529934e-05
20260923,FBN1,THBS1,-0.0006644404430631793
20260923,COL6A3,THBS1,-0.0002624623948838333
20260923,SMARCA4,TP53,-5.999383841728649e-05
20260924,LAMA4,SMARCA4,-5.167284001119624e-05
20260924,FBN1,THBS1,-0.000649163416159242
20260924,DSC3,DSP,-0.00044059683872751856
20260924,DSP,DST,3.892974930746855e-05
20260924,TCF12,TP53,-0.00010772298185013612
20260924,FBN1,LAMC2,3.9746144209855654e-05
20260924,MECOM,TP53,-9.103904538282402e-05
20260924,AJUBA,LATS2,-0.0004219519883322684
20260924,LAMA4,TP53,-4.374645311210849e-05
20260924,SMARCA4,TP53,-3.847703549208223e-05
20260925,DSC3,DSP,-0.0004300081696724196
20260925,DSP,DST,2.106590687166209e-05
20260925,FBN1,THBS1,-0.0006740188093109709
20260925,FBN1,LAMC2,3.0058477074556634e-05
20260925,ATM,TP53,-6.970886888804477e-05
20260925,SMARCA4,TP53,-6.022251381816333e-05
20260925,AJUBA,LATS2,-0.00040952774456264854
20260925,MECOM,TP53,-8.497282764087163e-05
20260926,ATM,TP53,-6.10186951209399e-05
20260926,LAMA4,SMARCA4,-6.21468115106689e-05
20260926,COL6A3,THBS1,-0.00024274794939318665
20260926,LAMA4,TP53,-4.802709758292998e-05
20260926,AJUBA,LATS2,-0.0004138232025947602
20260926,SMARCA4,TP53,-6.347740384748729e-05
20260926,MECOM,TP53,-8.537780022783905e-05
20260926,DSC3,DSP,-0.0004182038741062076
20260927,ARID1A,TP53,-0.00011991356679610932
20260927,MECOM,TP53,-7.497934583009696e-05
20260927,FBN1,THBS1,-0.0006431993844121489
20260927,ATM,SMARCA4,-8.108775611238611e-05
20260927,CTNNA1,DSC3,6.675047121250518e-06
20260927,CTNNA1,DSP,-8.458115081971113e-05
20260928,SMARCA4,TP53,-5.858393579082381e-05
20260928,DSC3,DSP,-0.00042747313801072843
20260928,SPEN,TP53,-0.00018653366749552848
20260928,ARID1A,SMARCA4,-0.00042178721555441055
20260928,FBN1,THBS1,-0.0006540691146924948
20260928,MECOM,SPEN,-8.682398098181789e-06
20260928,LAMA4,SMARCA4,-7.956828289736452e-05
20260929,DSC3,DSP,-0.00042671534387858103
20260929,LAMC2,THBS1,-0.0004594023583859971
20260929,SMARCA4,TP53,-6.593917829050572e-05
20260929,CTNNA1,DSC3,9.321833007476217e-06
20260929,CTNNA1,DSP,-7.334255698080458e-05
20260929,LAMA4,SMARCA4,-7.791725870976048e-05
20260929,MECOM,TP53,-8.306220796909427e-05
20260929,ARID1A,TP53,-0.000122076010370118
20260929,ARID1A,SMARCA4,-0.00041766692373421013
20260929,ATM,LAMA4,4.875366540929983e-05
20260929,AJUBA,CTNNA1,-0.00034138295754959776
20260929,AJUBA,LATS2,-0.0004038600670529572
20260929,DSP,DST,1.7219859055546383e-05
20260929,CTNNA1,LATS2,-0.00033428901702940966
20260930,AJUBA,LATS2,-0.00040382639490834423
20260930,ANKRD11,MECOM,-9.589423329329117e-05
20260930,COL6A3,THBS1,-0.00024868542554044295
