mode,seed,adaptive_method_selected_by_cv,adaptive_cv_objective,static_cv_objective,adaptive_holdout_delta_r2,static_holdout_delta_r2,adaptive_minus_static,bootstrap_mean_lower,bootstrap_mean_upper,decision
unrestricted,20260911,beam_ppi,0.004086798531983397,0.004073160480497729,0.008487259880116671,0.009496494970858249,-0.0010092350907415781,-0.0004383760273357842,0.0012808883835942226,STOP_DDQN_ROUTE
unrestricted,20260912,beam_ppi,0.003932200870038618,0.003932200870038618,0.011975702027338109,0.011975702027338109,0.0,-0.0004383760273357842,0.0012808883835942226,STOP_DDQN_ROUTE
unrestricted,20260913,beam_ppi,0.0040698348548269415,0.003871671912402283,0.009496494970858249,0.010847593873096972,-0.0013510989022387232,-0.0004383760273357842,0.0012808883835942226,STOP_DDQN_ROUTE
unrestricted,20260914,beam_ppi,0.0042898646852736365,0.004179400700723287,0.014928816095618913,0.015894624491969767,-0.0009658083963508535,-0.0004383760273357842,0.0012808883835942226,STOP_DDQN_ROUTE
unrestricted,20260915,beam_ppi,0.004101659314420406,0.004049027613758766,0.011163375707803125,0.010847593873096972,0.0003157818347061525,-0.0004383760273357842,0.0012808883835942226,STOP_DDQN_ROUTE
unrestricted,20260916,beam_ppi,0.0040808446197974834,0.0040808446197974834,0.011975702027338109,0.011975702027338109,0.0,-0.0004383760273357842,0.0012808883835942226,STOP_DDQN_ROUTE
unrestricted,20260917,beam_ppi,0.0038750901093886087,0.0035400968413854374,0.014928816095618913,0.011975702027338109,0.0029531140682808044,-0.0004383760273357842,0.0012808883835942226,STOP_DDQN_ROUTE
unrestricted,20260918,beam_ppi,0.0037806903120872334,0.0037806903120872334,0.011975702027338109,0.011975702027338109,0.0,-0.0004383760273357842,0.0012808883835942226,STOP_DDQN_ROUTE
unrestricted,20260919,beam_ppi,0.003940045907899514,0.0036893003536500875,0.014928816095618913,0.01010608450345507,0.0048227315921638425,-0.0004383760273357842,0.0012808883835942226,STOP_DDQN_ROUTE
unrestricted,20260920,beam_ppi,0.003875126670658052,0.003723480478526388,0.010847593873096972,0.011975702027338109,-0.0011281081542411364,-0.0004383760273357842,0.0012808883835942226,STOP_DDQN_ROUTE
unrestricted,20260921,beam_ppi,0.003947113353234668,0.0038695278026040086,0.011163375707803125,0.010847593873096972,0.0003157818347061525,-0.0004383760273357842,0.0012808883835942226,STOP_DDQN_ROUTE
unrestricted,20260922,beam_ppi,0.004449901947215906,0.004449901947215906,0.01639476677760565,0.01639476677760565,0.0,-0.0004383760273357842,0.0012808883835942226,STOP_DDQN_ROUTE
unrestricted,20260923,beam_ppi,0.0038675518652898115,0.003664301695199737,0.014928816095618913,0.011975702027338109,0.0029531140682808044,-0.0004383760273357842,0.0012808883835942226,STOP_DDQN_ROUTE
unrestricted,20260924,beam_ppi,0.004058730255845807,0.003978990318684197,0.011975702027338109,0.01010608450345507,0.0018696175238830381,-0.0004383760273357842,0.0012808883835942226,STOP_DDQN_ROUTE
unrestricted,20260925,beam_ppi,0.00397495246178491,0.00397495246178491,0.011975702027338109,0.011975702027338109,0.0,-0.0004383760273357842,0.0012808883835942226,STOP_DDQN_ROUTE
unrestricted,20260926,beam_ppi,0.004458497131220095,0.004128569331234683,0.013021669926509993,0.015894624491969767,-0.0028729545654597732,-0.0004383760273357842,0.0012808883835942226,STOP_DDQN_ROUTE
unrestricted,20260927,beam_ppi,0.004142723300685709,0.004129956642179092,0.011163375707803125,0.010847593873096972,0.0003157818347061525,-0.0004383760273357842,0.0012808883835942226,STOP_DDQN_ROUTE
unrestricted,20260928,beam_ppi,0.004205431056033899,0.003958872234584739,0.01639476677760565,0.011975702027338109,0.004419064750267543,-0.0004383760273357842,0.0012808883835942226,STOP_DDQN_ROUTE
unrestricted,20260929,beam_ppi,0.004029086825633639,0.0035551759512799756,0.010847593873096972,0.011975702027338109,-0.0011281081542411364,-0.0004383760273357842,0.0012808883835942226,STOP_DDQN_ROUTE
unrestricted,20260930,beam_ppi,0.0038232927742578933,0.003767687867362652,0.009129741690430349,0.010847593873096972,-0.0017178521826666238,-0.0004383760273357842,0.0012808883835942226,STOP_DDQN_ROUTE
tln1_seeded,20260911,beam_ppi,0.003522463424863318,0.0018155309152179074,0.019027609852972027,0.013254659885272968,0.005772949967699059,0.0013706599746769333,0.0038293062038465098,STOP_DDQN_ROUTE
tln1_seeded,20260912,beam_ppi,0.003750415526952341,0.003750415526952341,0.019027609852972027,0.019027609852972027,0.0,0.0013706599746769333,0.0038293062038465098,STOP_DDQN_ROUTE
tln1_seeded,20260913,beam_ppi,0.002155121974015995,0.002155121974015995,0.012657085794090639,0.012657085794090639,0.0,0.0013706599746769333,0.0038293062038465098,STOP_DDQN_ROUTE
tln1_seeded,20260914,beam_ppi,0.0037841092056324676,0.0037841092056324676,0.019027609852972027,0.019027609852972027,0.0,0.0013706599746769333,0.0038293062038465098,STOP_DDQN_ROUTE
tln1_seeded,20260915,beam_ppi,0.003776761028455971,0.0017788309641657328,0.017600450143456126,0.012657085794090639,0.004943364349365487,0.0013706599746769333,0.0038293062038465098,STOP_DDQN_ROUTE
tln1_seeded,20260916,beam_ppi,0.0032550930011829467,0.0032550930011829467,0.019027609852972027,0.019027609852972027,0.0,0.0013706599746769333,0.0038293062038465098,STOP_DDQN_ROUTE
tln1_seeded,20260917,beam_ppi,0.003699812440887319,0.0023946236844905296,0.019027609852972027,0.013277276007918948,0.005750333845053079,0.0013706599746769333,0.0038293062038465098,STOP_DDQN_ROUTE
tln1_seeded,20260918,beam_ppi,0.001924760389594565,0.001924760389594565,0.014834599082300448,0.014834599082300448,0.0,0.0013706599746769333,0.0038293062038465098,STOP_DDQN_ROUTE
tln1_seeded,20260919,greedy_ppi,0.003955919100212991,0.003955919100212991,0.019027609852972027,0.019027609852972027,0.0,0.0013706599746769333,0.0038293062038465098,STOP_DDQN_ROUTE
tln1_seeded,20260920,beam_ppi,0.0028046342735776773,0.0014012769088796834,0.019027609852972027,0.012448134381907616,0.006579475471064411,0.0013706599746769333,0.0038293062038465098,STOP_DDQN_ROUTE
tln1_seeded,20260921,greedy_ppi,0.0038655918689038836,0.0038655918689038836,0.019027609852972027,0.019027609852972027,0.0,0.0013706599746769333,0.0038293062038465098,STOP_DDQN_ROUTE
tln1_seeded,20260922,beam_ppi,0.003785087819919394,0.0023006659334018882,0.019027609852972027,0.014834599082300448,0.004193010770671579,0.0013706599746769333,0.0038293062038465098,STOP_DDQN_ROUTE
tln1_seeded,20260923,beam_ppi,0.003490581700111699,0.003432724629967603,0.016903429787788582,0.019027609852972027,-0.0021241800651834453,0.0013706599746769333,0.0038293062038465098,STOP_DDQN_ROUTE
tln1_seeded,20260924,beam_ppi,0.0038336026010066795,0.0021554830034695056,0.019027609852972027,0.013254659885272968,0.005772949967699059,0.0013706599746769333,0.0038293062038465098,STOP_DDQN_ROUTE
tln1_seeded,20260925,beam_ppi,0.0034642140059072506,0.0020875196916177174,0.019027609852972027,0.015301893407918543,0.003725716445053484,0.0013706599746769333,0.0038293062038465098,STOP_DDQN_ROUTE
tln1_seeded,20260926,beam_ppi,0.004057636781657105,0.004000894525666867,0.01814441473772188,0.019027609852972027,-0.000883195115250146,0.0013706599746769333,0.0038293062038465098,STOP_DDQN_ROUTE
tln1_seeded,20260927,beam_ppi,0.004114146564129987,0.0022012987449341707,0.017600450143456126,0.013254659885272968,0.0043457902581831576,0.0013706599746769333,0.0038293062038465098,STOP_DDQN_ROUTE
tln1_seeded,20260928,beam_ppi,0.0030027679432256165,0.0014028877906296637,0.019027609852972027,0.013254659885272968,0.005772949967699059,0.0013706599746769333,0.0038293062038465098,STOP_DDQN_ROUTE
tln1_seeded,20260929,beam_ppi,0.0036858265366475663,0.00221575705454364,0.019027609852972027,0.013277276007918948,0.005750333845053079,0.0013706599746769333,0.0038293062038465098,STOP_DDQN_ROUTE
tln1_seeded,20260930,beam_ppi,0.003766991656093081,0.0018893024247669647,0.016903429787788582,0.014834599082300448,0.002068830705488134,0.0013706599746769333,0.0038293062038465098,STOP_DDQN_ROUTE
