resource,identifier,model_system,ccrcc_or_kidney_model,gene_perturbation,candidate_level_public_matrix,functional_endpoint,independent_patient_derived_ccrcc,eligible,exclusion_reason
Sanger tumor-derived organoid biobank 2026,10.1038/s41586-026-10830-y,patient-derived tumor organoids,False,genome-wide CRISPR,True,True,False,False,162 screens but zero Kidney organoids
Broad NextGen Dependency Map 2026,10.1038/s41586-026-10843-7,organoid/neurosphere/other NextGen models,False,genome-wide CRISPR,True,True,False,False,147 QC-passing NextGen screens but zero Kidney models
Patient-derived renal cell carcinoma organoids for personalized cancer therapy.,PMID:35802820,33 patient-derived RCC organoid lines,True,none; drug and CAR-T response,False,True,True,False,no gene-level perturbation screen
Cultivation of Clear Cell Renal Cell Carcinoma Patient-Derived Organoids in an Air-Liquid Interface System as a Tool for Studying Individualized Therapy.,PMID:33072556,ccRCC patient-derived ALI organoids,True,none; phenotype and therapy response,False,True,True,False,no gene-level perturbation screen
Functional and genomic characterization of patient-derived xenograft model to study the adaptation to mTORC1 inhibitor in clear cell renal cell carcinoma.,PMID:33107222,ccRCC patient-derived xenograft,True,PDX passaging under temsirolimus; DNMT1 tested in 786-O,False,True,True,False,PDX was not gene-perturbed; candidate perturbation was performed in 786-O
CRISPR/Cas9 genome-wide loss-of-function screening identifies druggable cellular factors involved in sunitinib resistance in renal cell carcinoma.,PMID:32968206,786-O screen; PNX0010 validation,True,genome-wide CRISPR under sunitinib,False,True,False,False,screen performed in an established cell line and is drug-conditional
Genome-wide CRISPR/Cas9 screening identifies PTGR2 as a potential therapeutic target for sunitinib resistance in clear cell renal cell carcinoma.,PMID:40683967,Caki-1R and 786-OR resistant cell lines,True,genome-wide CRISPR under sunitinib,False,True,False,False,screen performed in acquired-resistant established cell lines
MEK1 as a Synthetic Lethal Target with Cabozantinib in Renal Cell Carcinoma: Insights from CRISPR/Cas9 Screening.,PMID:42510829,786-O,True,kinome CRISPR under cabozantinib,False,True,False,False,screen performed in an established cell line and is drug-conditional
Kinome-wide siRNA screen identifies a DCLK2-TBK1 oncogenic signaling axis in clear cell renal cell carcinoma.,PMID:38211588,UMRC6,True,709-gene kinome siRNA,False,True,False,False,screen performed in an established cell line; not a patient-derived model screen
