heldout_lineage,method,ndcg_at_10,selective_precision_at_10,top10_overlap,spearman,regret
Biliary Tract,annotation_ridge,0.17305215643330887,0.15384615384615385,0.04230769230769231,0.02114681933167646,1.0193999681811474
Biliary Tract,expression_kernel_ridge_frozen,0.4663789841667819,0.4423076923076923,0.15384615384615385,0.1405658651578968,0.6428855830659537
Biliary Tract,expression_kernel_ridge_tuned,0.49266622729005627,0.4846153846153846,0.1769230769230769,0.13949414840598176,0.588405764109516
Biliary Tract,expression_knn,0.3419337880984174,0.3230769230769231,0.1,0.0621852592051058,0.7755474091626411
Biliary Tract,expression_pcr_ridge,0.5042714996860315,0.5038461538461538,0.16538461538461538,0.14078309734805738,0.5734813069876046
Biliary Tract,training_selectivity_prior,0.2787859064491029,0.2692307692307692,0.12692307692307694,-0.015700577367023263,0.9833950159920497
Bladder/Urinary Tract,annotation_ridge,0.2119778333673659,0.14482758620689656,0.04482758620689655,0.042636577773229815,0.7888410804481162
Bladder/Urinary Tract,expression_kernel_ridge_frozen,0.4245297621942134,0.3448275862068966,0.14482758620689656,0.14348578884079435,0.5472602430371504
Bladder/Urinary Tract,expression_kernel_ridge_tuned,0.43065010474528187,0.36896551724137927,0.1482758620689655,0.12707662208128745,0.5530817435048527
Bladder/Urinary Tract,expression_knn,0.380369308122945,0.303448275862069,0.11379310344827587,0.10304052129435966,0.6223417864221914
Bladder/Urinary Tract,expression_pcr_ridge,0.4134267080682493,0.3586206896551724,0.12758620689655173,0.13096910559181013,0.5638741228626671
Bladder/Urinary Tract,training_selectivity_prior,0.22077381244009367,0.17586206896551723,0.06896551724137931,-0.02989171572577398,0.9306452426591497
Bone,annotation_ridge,0.16514129723667637,0.09259259259259259,0.014814814814814815,0.062172366500048426,0.9436334150390912
Bone,expression_kernel_ridge_frozen,0.3882121866364229,0.3074074074074074,0.1111111111111111,0.15962183863798332,0.619522897675143
Bone,expression_kernel_ridge_tuned,0.38319688803878577,0.2740740740740741,0.1,0.13217093163160526,0.6256667197911104
Bone,expression_knn,0.2807345040816452,0.2037037037037037,0.05925925925925926,0.12322211439575573,0.7570862743325021
Bone,expression_pcr_ridge,0.3718770008126217,0.2814814814814815,0.12222222222222223,0.12732377366602327,0.6175889418840408
Bone,training_selectivity_prior,0.19335248503357208,0.11851851851851852,0.07037037037037037,-0.05346300690437471,1.1323595939087734
Bowel,annotation_ridge,0.15320741894374432,0.132,0.014000000000000002,0.006972725796396757,1.123441495563619
Bowel,expression_kernel_ridge_frozen,0.46570606919660273,0.48200000000000004,0.23600000000000002,0.1249499586419113,0.644742573023598
Bowel,expression_kernel_ridge_tuned,0.4698477031188142,0.466,0.226,0.10811548344876228,0.6571186173596435
Bowel,expression_knn,0.41515035441555787,0.386,0.17400000000000002,0.07755235235936944,0.7533580169254678
Bowel,expression_pcr_ridge,0.45994931053867805,0.46,0.222,0.11141984287076419,0.6728578329415396
Bowel,training_selectivity_prior,0.22985635758323542,0.26,0.126,-0.025411989160507336,1.0805498908883202
Breast,annotation_ridge,0.14390899530485154,0.11764705882352941,0.041176470588235294,-0.01999051905961806,1.1121496485091906
Breast,expression_kernel_ridge_frozen,0.3216027944290723,0.29411764705882354,0.10882352941176471,0.08732714216371731,0.8255364168038465
Breast,expression_kernel_ridge_tuned,0.393928956749737,0.33529411764705885,0.15588235294117647,0.08480669030770183,0.7466573613685941
Breast,expression_knn,0.2851654690576768,0.25588235294117645,0.08823529411764706,0.06694332692141738,0.8742655625245881
Breast,expression_pcr_ridge,0.40430487387614744,0.3735294117647059,0.18529411764705883,0.08307795502553025,0.718826847501771
Breast,training_selectivity_prior,0.3087414590935452,0.30294117647058827,0.13529411764705884,-0.03543894479474118,0.9744172611575844
CNS/Brain,annotation_ridge,0.19052520474543128,0.15588235294117647,0.06911764705882353,0.04817289196952239,0.9013184134430217
CNS/Brain,expression_kernel_ridge_frozen,0.372830434652443,0.28970588235294115,0.11911764705882352,0.16728438838977894,0.6582035356202266
CNS/Brain,expression_kernel_ridge_tuned,0.413692379565015,0.3397058823529412,0.14558823529411766,0.15119336157108318,0.6072033226899194
CNS/Brain,expression_knn,0.3157280369375612,0.25735294117647056,0.08823529411764706,0.11981714758935841,0.7361912490607616
CNS/Brain,expression_pcr_ridge,0.39797998544236196,0.3264705882352941,0.1338235294117647,0.15431668857136874,0.6287590076677376
CNS/Brain,training_selectivity_prior,0.1581058895870455,0.13676470588235295,0.06323529411764706,-0.05191275667861763,1.1766379258310884
Esophagus/Stomach,annotation_ridge,0.12330754844998962,0.08,0.018000000000000002,0.014283954217979043,1.075372646384548
Esophagus/Stomach,expression_kernel_ridge_frozen,0.4151026170818263,0.408,0.16400000000000003,0.14441142878067054,0.6492982454355206
Esophagus/Stomach,expression_kernel_ridge_tuned,0.4564691972652819,0.43200000000000005,0.188,0.1399722874078537,0.6208380892955148
Esophagus/Stomach,expression_knn,0.345568365181537,0.33,0.114,0.10496068481744991,0.7649613563034553
Esophagus/Stomach,expression_pcr_ridge,0.45139631263010055,0.43200000000000005,0.19,0.14034939135387808,0.6233664435616186
Esophagus/Stomach,training_selectivity_prior,0.26920519369117396,0.24,0.11,-0.02452217569448304,1.0346473894457342
Head and Neck,annotation_ridge,0.20974063910439344,0.1464285714285714,0.03035714285714286,0.02554389808941782,0.9235655052769903
Head and Neck,expression_kernel_ridge_frozen,0.40143345947685827,0.36607142857142855,0.12142857142857144,0.1923432042257836,0.6095364075905044
Head and Neck,expression_kernel_ridge_tuned,0.43249107120691754,0.4017857142857143,0.13571428571428573,0.18147993130910295,0.5756809145606835
Head and Neck,expression_knn,0.35107471610865826,0.325,0.10357142857142856,0.12496069483968693,0.666809665826295
Head and Neck,expression_pcr_ridge,0.4338160052317508,0.3964285714285714,0.13392857142857142,0.18316294676532102,0.5782803237911717
Head and Neck,training_selectivity_prior,0.18599911148990828,0.15,0.06607142857142857,-0.02148879712749658,1.0786916733213852
Kidney,annotation_ridge,0.2614798492410229,0.17391304347826086,0.08695652173913043,0.03328983500936086,0.9683930384988501
Kidney,expression_kernel_ridge_frozen,0.5336378674470896,0.45652173913043476,0.2391304347826087,0.14269053899385548,0.579387628955766
Kidney,expression_kernel_ridge_tuned,0.5604487404229587,0.4782608695652174,0.2565217391304348,0.12991161431892378,0.5565105463101111
Kidney,expression_knn,0.34914038967962563,0.32608695652173914,0.12608695652173915,0.08966343587516577,0.7883359374708132
Kidney,expression_pcr_ridge,0.5621154834389833,0.5,0.26956521739130435,0.13373421486684575,0.5384564565709511
Kidney,training_selectivity_prior,0.2285816623917551,0.27391304347826084,0.1,-0.038512101548620704,1.0516192609069939
Liver,annotation_ridge,0.24015701735638312,0.2227272727272727,0.08636363636363636,0.04277955890883048,0.9476141891591913
Liver,expression_kernel_ridge_frozen,0.4607133282447904,0.45454545454545453,0.17727272727272728,0.15866333656545265,0.6429163441970345
Liver,expression_kernel_ridge_tuned,0.46904807920536484,0.43636363636363634,0.18181818181818182,0.14140803689227613,0.6426842443059964
Liver,expression_knn,0.3999991061094395,0.3409090909090909,0.15454545454545454,0.112652539960163,0.766585407029683
Liver,expression_pcr_ridge,0.475436431677714,0.45909090909090905,0.18181818181818182,0.1489686198076279,0.6276266302478576
Liver,training_selectivity_prior,0.25302192829694853,0.25,0.12727272727272726,-0.05565147834404241,1.0711266078450707
Lung,annotation_ridge,0.16009594278901232,0.11616161616161616,0.04242424242424243,0.021617460131215564,1.0396687234868616
Lung,expression_kernel_ridge_frozen,0.35083736058583975,0.28383838383838383,0.1303030303030303,0.14327632538316898,0.7690560282684721
Lung,expression_kernel_ridge_tuned,0.37216297486095273,0.305050505050505,0.14343434343434344,0.13894007343054826,0.7383575598476018
Lung,expression_knn,0.269366464192977,0.2202020202020202,0.08888888888888889,0.0807887325363536,0.8659013462556227
Lung,expression_pcr_ridge,0.373862893033083,0.31616161616161614,0.14747474747474748,0.1370981071152086,0.726888262231755
Lung,training_selectivity_prior,0.2342161366330548,0.23434343434343433,0.1080808080808081,-0.043110895400986754,1.025819152031808
Lymphoid,annotation_ridge,0.18054981418509397,0.16,0.01,0.032696149754924485,1.070218832589252
Lymphoid,expression_kernel_ridge_frozen,0.43437066644367245,0.49749999999999994,0.10375000000000001,0.1499832525554892,0.679994230324091
Lymphoid,expression_kernel_ridge_tuned,0.41562914156647235,0.48,0.09125000000000001,0.10592387961805291,0.7095128105942055
Lymphoid,expression_knn,0.3714135447432938,0.40374999999999994,0.10250000000000001,0.11705405857140112,0.8008189522345861
Lymphoid,expression_pcr_ridge,0.42000495617835243,0.47000000000000003,0.10625,0.11730425263366002,0.6977098155717029
Lymphoid,training_selectivity_prior,0.1846999511402801,0.25125000000000003,0.03875,9.204778655637772e-05,1.144757423263365
Myeloid,annotation_ridge,0.14562100923412127,0.08666666666666667,0.006666666666666667,0.026371905560452404,1.1517852254500343
Myeloid,expression_kernel_ridge_frozen,0.4469902135992438,0.48666666666666664,0.16666666666666666,0.15282041394735513,0.668108938657554
Myeloid,expression_kernel_ridge_tuned,0.4138363829308254,0.4066666666666666,0.14333333333333334,0.10569165932054272,0.737800599281421
Myeloid,expression_knn,0.3493473088511358,0.43333333333333335,0.16,0.12536444308113232,0.7593751708682182
Myeloid,expression_pcr_ridge,0.46173073757355343,0.4533333333333333,0.17,0.12289688415277852,0.6901960170140644
Myeloid,training_selectivity_prior,0.16469615602631424,0.21,0.05666666666666667,-0.013129408188063433,1.1945242863056298
Ovary/Fallopian Tube,annotation_ridge,0.17941228696368647,0.12222222222222223,0.05,0.02138003957721469,1.0508671080222878
Ovary/Fallopian Tube,expression_kernel_ridge_frozen,0.4273113251813776,0.4027777777777778,0.18333333333333335,0.1190601416604764,0.6614102515032594
Ovary/Fallopian Tube,expression_kernel_ridge_tuned,0.46242618183451584,0.4138888888888889,0.2,0.11458921249612379,0.6272704876617827
Ovary/Fallopian Tube,expression_knn,0.3408043541527274,0.26666666666666666,0.13055555555555556,0.07705573335512442,0.810550934327588
Ovary/Fallopian Tube,expression_pcr_ridge,0.4614110338959176,0.4305555555555556,0.2,0.11793922207447603,0.6351204503117346
Ovary/Fallopian Tube,training_selectivity_prior,0.19463996554818197,0.18888888888888888,0.09722222222222222,-0.023577965928016878,1.113822165461728
Pancreas,annotation_ridge,0.1566839055029204,0.13142857142857142,0.025714285714285714,0.02300901129671518,1.0743945821771559
Pancreas,expression_kernel_ridge_frozen,0.4865473940336904,0.46,0.2057142857142857,0.1635893350127043,0.6310881335751549
Pancreas,expression_kernel_ridge_tuned,0.5187000688388341,0.5314285714285715,0.23714285714285716,0.16567349600345999,0.572203469834169
Pancreas,expression_knn,0.37730810289411004,0.35714285714285715,0.14,0.1082074625194066,0.7582766751138816
Pancreas,expression_pcr_ridge,0.5190743906769292,0.5142857142857142,0.24000000000000002,0.1573165492263081,0.5718462404428116
Pancreas,training_selectivity_prior,0.2611579817742419,0.25142857142857145,0.10285714285714286,-0.04007671756757643,1.0263736469728133
Peripheral Nervous System,annotation_ridge,0.09729249762354947,0.05454545454545456,0.01363636363636364,0.03141976325768267,1.0620977352082543
Peripheral Nervous System,expression_kernel_ridge_frozen,0.30773579557164665,0.21818181818181817,0.06818181818181818,0.15033468486212598,0.7815000101512681
Peripheral Nervous System,expression_kernel_ridge_tuned,0.31440019031276156,0.2409090909090909,0.07727272727272727,0.12426215243159829,0.7677618481446576
Peripheral Nervous System,expression_knn,0.2018250868412335,0.12727272727272726,0.045454545454545456,0.08845752987017506,0.8960867070569318
Peripheral Nervous System,expression_pcr_ridge,0.322370362600913,0.25,0.08636363636363636,0.13240404935367878,0.7350615711434819
Peripheral Nervous System,training_selectivity_prior,0.2588294685017666,0.19545454545454544,0.06818181818181818,-0.011611890099610106,0.9572170862726103
Skin,annotation_ridge,0.1502202579856958,0.11774193548387098,0.02903225806451613,-0.002782990577634706,1.1239226512738796
Skin,expression_kernel_ridge_frozen,0.519620109552853,0.46774193548387094,0.21290322580645163,0.1571894107283407,0.6269725669656318
Skin,expression_kernel_ridge_tuned,0.6010220474040702,0.5419354838709678,0.28225806451612906,0.15397580099616678,0.5109027909880695
Skin,expression_knn,0.40399844484654,0.31935483870967746,0.1338709677419355,0.10213898690370472,0.812346590744324
Skin,expression_pcr_ridge,0.5924566872960478,0.529032258064516,0.2709677419354839,0.15293939873789747,0.5298830116054088
Skin,training_selectivity_prior,0.28484647326249996,0.2693548387096774,0.12096774193548387,-0.027204499865461966,1.0298425286313653
Soft Tissue,annotation_ridge,0.17091079168711223,0.11818181818181818,0.03636363636363636,0.012684717767454124,0.9476042515822578
Soft Tissue,expression_kernel_ridge_frozen,0.3442626258375065,0.26666666666666666,0.10303030303030303,0.14974699531582614,0.7094138606738868
Soft Tissue,expression_kernel_ridge_tuned,0.3556666203714632,0.28181818181818186,0.12121212121212122,0.1297684401626775,0.6970311896757941
Soft Tissue,expression_knn,0.33303610174512716,0.2878787878787879,0.10303030303030304,0.11740383133588493,0.7198591309413951
Soft Tissue,expression_pcr_ridge,0.35876731195445677,0.28181818181818186,0.11212121212121212,0.1335902470447557,0.6834300544355295
Soft Tissue,training_selectivity_prior,0.18172580063142996,0.1696969696969697,0.06363636363636364,-0.031099050719607398,1.082475193269585
Uterus,annotation_ridge,0.1412773194741023,0.09565217391304348,0.026086956521739136,0.008698765067745045,1.011041457239341
Uterus,expression_kernel_ridge_frozen,0.3691688544179104,0.30434782608695654,0.14347826086956522,0.12334867520030776,0.7120451840573302
Uterus,expression_kernel_ridge_tuned,0.40646523096773063,0.3391304347826087,0.16956521739130437,0.10191096014022902,0.6876285971691989
Uterus,expression_knn,0.2525545485004321,0.21304347826086958,0.10869565217391304,0.06560134748540854,0.8561472354215043
Uterus,expression_pcr_ridge,0.39614818966364,0.32608695652173914,0.1565217391304348,0.11117100164845466,0.6829321182209963
Uterus,training_selectivity_prior,0.17916247987263506,0.16521739130434784,0.06521739130434782,-0.03220565902048173,1.1251553317829421
