alpha,model,comparison,scope,model_n,r2,delta_r2,bootstrap_lower,bootstrap_upper
10.0,background,background,pan_cancer,883,-0.00916719102082797,0.0,0.0,0.0
10.0,background,background,non_kidney,859,-0.007074581879999098,0.0,0.0,0.0
10.0,background,background,kidney_lineage,24,-0.07862471902523782,0.0,0.0,0.0
10.0,background,background,rcc,20,-0.08262065258954321,0.0,0.0,0.0
10.0,background,background,ccrcc,12,-0.047114933358541,0.0,0.0,0.0
10.0,multiomics,background,pan_cancer,883,-2.709760843396971,-2.700593652376143,-2.9274414572080936,-2.482192700390365
10.0,multiomics,background,non_kidney,859,-2.74199263689637,-2.734918055016371,-2.9646224487521877,-2.5148765630504677
10.0,multiomics,background,kidney_lineage,24,-1.6399286153249562,-1.5613038962997183,-1.9938062265291026,-1.1396279105806508
10.0,multiomics,background,rcc,20,-1.7776511373123087,-1.6950304847227655,-2.2168656677707466,-1.188912848430011
10.0,multiomics,background,ccrcc,12,-1.6968214858492807,-1.6497065524907397,-2.4489864572620346,-1.0242473387860975
10.0,context_interactions,multiomics,pan_cancer,883,-3.5672961450402143,-0.8575353016432432,-2.2540470077919217,0.032921741090766586
10.0,context_interactions,multiomics,non_kidney,859,-3.597084005267404,-0.8550913683710339,-2.3618841986862407,0.054368809743177295
10.0,context_interactions,multiomics,kidney_lineage,24,-2.578582536008621,-0.9386539206836648,-1.6176524254527629,-0.47534168645280644
10.0,context_interactions,multiomics,rcc,20,-2.592612067585713,-0.8149609302734042,-1.5529201417875031,-0.3350958187183337
10.0,context_interactions,multiomics,ccrcc,12,-2.7239280413020492,-1.0271065554527685,-2.3485589613022113,-0.26829969132066983
10.0,targetwise_multiomics,background,pan_cancer,883,-0.005587902315837168,0.0035792887049908018,0.0013992282618114434,0.0056991244812595555
10.0,targetwise_multiomics,background,non_kidney,859,-0.0037907133438785934,0.0032838685361205044,0.0010143245665958213,0.005487729365951181
10.0,targetwise_multiomics,background,kidney_lineage,24,-0.06523989413480469,0.013384824890433134,0.0069076742609847416,0.022301413574252405
10.0,targetwise_multiomics,background,rcc,20,-0.07204445551826022,0.010576197071282989,0.005641449275709093,0.01542918068542887
10.0,targetwise_multiomics,background,ccrcc,12,-0.03559932899053586,0.011515604368005139,0.006423528569974886,0.017819573304147688
10.0,targetwise_context,targetwise_multiomics,pan_cancer,883,-0.06764868236272048,-0.06206078004688331,-0.12001513103147776,-0.020108241128791924
10.0,targetwise_context,targetwise_multiomics,non_kidney,859,-0.053589860872894635,-0.04979914752901604,-0.10633465501411367,-0.00970601343150719
10.0,targetwise_context,targetwise_multiomics,kidney_lineage,24,-0.5342867029496674,-0.4690468088148627,-0.8719271745972024,-0.17995769318346003
10.0,targetwise_context,targetwise_multiomics,rcc,20,-0.41626579520131557,-0.34422133968305535,-0.7449827073888237,-0.1286596652541843
10.0,targetwise_context,targetwise_multiomics,ccrcc,12,-0.2160526886637235,-0.18045335967318765,-0.32177028160632815,-0.08119838541768547
100.0,background,background,pan_cancer,883,0.0013313707290889543,0.0,0.0,0.0
100.0,background,background,non_kidney,859,0.002751095383354496,0.0,0.0,0.0
100.0,background,background,kidney_lineage,24,-0.045791889419313225,0.0,0.0,0.0
100.0,background,background,rcc,20,-0.04972911609167707,0.0,0.0,0.0
100.0,background,background,ccrcc,12,-0.023514599978369466,0.0,0.0,0.0
100.0,multiomics,background,pan_cancer,883,-0.5433785267289117,-0.5447098974580007,-0.5894114833090668,-0.501796411750963
100.0,multiomics,background,non_kidney,859,-0.548741029913459,-0.5514921252968135,-0.600030218224011,-0.5078377184375097
100.0,multiomics,background,kidney_lineage,24,-0.36538722971733995,-0.3195953402980267,-0.46862473623114964,-0.19904514036574514
100.0,multiomics,background,rcc,20,-0.4041949865685266,-0.3544658704768495,-0.5176216167183216,-0.21684884308448285
100.0,multiomics,background,ccrcc,12,-0.43292546119837505,-0.4094108612200056,-0.7053675760678494,-0.1942775558600299
100.0,context_interactions,multiomics,pan_cancer,883,-0.9190743429463366,-0.37569581621742487,-0.9892835147176997,-0.01127729696763249
100.0,context_interactions,multiomics,non_kidney,859,-0.920326569410693,-0.37158553949723405,-0.9994963769518446,-0.0001936397892737792
100.0,context_interactions,multiomics,kidney_lineage,24,-0.8775106543344133,-0.5121234246170734,-0.8331772334443591,-0.27918245694484195
100.0,context_interactions,multiomics,rcc,20,-0.814465070056752,-0.41027008348822536,-0.6941914852456462,-0.23013486694760363
100.0,context_interactions,multiomics,ccrcc,12,-0.9009494280205759,-0.4680239668222008,-0.9386846905120979,-0.20159592530194476
100.0,targetwise_multiomics,background,pan_cancer,883,0.0065072238536453275,0.005175853124556373,0.0035212846100100463,0.006803412741636297
100.0,targetwise_multiomics,background,non_kidney,859,0.0077051919770796395,0.0049540965937251435,0.003268016384781445,0.006578839227844642
100.0,targetwise_multiomics,background,kidney_lineage,24,-0.03325553110061552,0.012536358318697705,0.0070005084482340834,0.01952406205727597
100.0,targetwise_multiomics,background,rcc,20,-0.039404926364986714,0.010324189726690358,0.007047166418463218,0.013763142129296312
100.0,targetwise_multiomics,background,ccrcc,12,-0.012716469201657477,0.01079813077671199,0.0065010285928368905,0.016073594802934892
100.0,targetwise_context,targetwise_multiomics,pan_cancer,883,-0.030136287493330416,-0.03664351134697574,-0.0819923422222474,-0.008564802143559463
100.0,targetwise_context,targetwise_multiomics,non_kidney,859,-0.024526578678587763,-0.0322317706556674,-0.07751898681047037,-0.00421078764436526
100.0,targetwise_context,targetwise_multiomics,kidney_lineage,24,-0.21633279189271892,-0.1830772607921034,-0.35236693722892204,-0.07410750875411566
100.0,targetwise_context,targetwise_multiomics,rcc,20,-0.1598243082602513,-0.12041938189526458,-0.24035055927060922,-0.05132360095562203
100.0,targetwise_context,targetwise_multiomics,ccrcc,12,-0.08101165230609109,-0.06829518310443361,-0.1236893722292604,-0.028268692075247966
1000.0,background,background,pan_cancer,883,0.01810064942175227,0.0,0.0,0.0
1000.0,background,background,non_kidney,859,0.01833134412123527,0.0,0.0,0.0
1000.0,background,background,kidney_lineage,24,0.010443470048325243,0.0,0.0,0.0
1000.0,background,background,rcc,20,0.011809201522711255,0.0,0.0,0.0
1000.0,background,background,ccrcc,12,0.022258457786462515,0.0,0.0,0.0
1000.0,multiomics,background,pan_cancer,883,-0.02283479371031194,-0.04093544313206421,-0.047119946707790246,-0.03438697526588965
1000.0,multiomics,background,non_kidney,859,-0.023450568457868082,-0.04178191257910335,-0.04840914002693932,-0.03537610664314332
1000.0,multiomics,background,kidney_lineage,24,-0.0023961026340308944,-0.012839572682356137,-0.04077319343886861,0.011440801857132926
1000.0,multiomics,background,rcc,20,-0.00988701712024187,-0.021696218642953125,-0.054154688966324284,0.0066941033318700495
1000.0,multiomics,background,ccrcc,12,-0.006764545933186206,-0.02902300371964872,-0.07586405363080095,0.010532713110133745
1000.0,context_interactions,multiomics,pan_cancer,883,-0.13590709978518434,-0.1130723060748724,-0.26275647216712483,-0.01466746906943454
1000.0,context_interactions,multiomics,non_kidney,859,-0.12953749821338922,-0.10608692975552114,-0.2628751789771554,-0.0053797582293365395
1000.0,context_interactions,multiomics,kidney_lineage,24,-0.34732583581088194,-0.34492973317685105,-0.5417629855894003,-0.214057150316615
1000.0,context_interactions,multiomics,rcc,20,-0.30045635615088906,-0.2905693390306472,-0.44381136649268105,-0.1840219960777279
1000.0,context_interactions,multiomics,ccrcc,12,-0.32850930667105227,-0.32174476073786606,-0.6406545013969205,-0.1770478747494972
1000.0,targetwise_multiomics,background,pan_cancer,883,0.02337815547572375,0.005277506053971481,0.004590227683203729,0.005987660145151927
1000.0,targetwise_multiomics,background,non_kidney,859,0.023558805190859733,0.005227461069624462,0.004496343415684645,0.00590739144436733
1000.0,targetwise_multiomics,background,kidney_lineage,24,0.01738206074248383,0.006938590694158586,0.004228489538433598,0.010623739171950601
1000.0,targetwise_multiomics,background,rcc,20,0.017729643364547965,0.00592044184183671,0.004412640279131847,0.007660999809545141
1000.0,targetwise_multiomics,background,ccrcc,12,0.028543810502892786,0.00628535271643027,0.004299022525430494,0.009003898336375656
1000.0,targetwise_context,targetwise_multiomics,pan_cancer,883,0.01858859456804174,-0.004789560907682011,-0.010280967343552652,-0.0014872472999410138
1000.0,targetwise_context,targetwise_multiomics,non_kidney,859,0.019553988862401783,-0.00400481632845795,-0.00944921125158586,-0.0005916192527238262
1000.0,targetwise_context,targetwise_multiomics,kidney_lineage,24,-0.013454609261820627,-0.030836670004304456,-0.05406438671967109,-0.013053237357957912
1000.0,targetwise_context,targetwise_multiomics,rcc,20,-0.004864203815698742,-0.022593847180246707,-0.04094038216008882,-0.009395128839307798
1000.0,targetwise_context,targetwise_multiomics,ccrcc,12,0.010641659254058022,-0.017902151248834763,-0.04366907972301604,-0.0017371837664927553
10000.0,background,background,pan_cancer,883,0.005459906328439623,0.0,0.0,0.0
10000.0,background,background,non_kidney,859,0.005378071332892254,0.0,0.0,0.0
10000.0,background,background,kidney_lineage,24,0.008176159633507374,0.0,0.0,0.0
10000.0,background,background,rcc,20,0.009415213472420136,0.0,0.0,0.0
10000.0,background,background,ccrcc,12,0.011193910820048059,0.0,0.0,0.0
10000.0,multiomics,background,pan_cancer,883,0.02978078039267218,0.024320874064232556,0.022551285042592722,0.026168882559685178
10000.0,multiomics,background,non_kidney,859,0.02976634015348456,0.024388268820592307,0.022576431601192323,0.02641749363750533
10000.0,multiomics,background,kidney_lineage,24,0.030260078364850562,0.02208391873134319,0.01490200374197918,0.029493774322272837
10000.0,multiomics,background,rcc,20,0.031462087437931,0.02204687396551086,0.013879627755462108,0.03016640909352006
10000.0,multiomics,background,ccrcc,12,0.03917532907369303,0.027981418253644974,0.021896913671326096,0.03473758956105706
10000.0,context_interactions,multiomics,pan_cancer,883,0.010434936245929838,-0.01934584414674234,-0.039445729034550195,-0.006593044343824249
10000.0,context_interactions,multiomics,non_kidney,859,0.013385685894881538,-0.016380654258603022,-0.03622337686622781,-0.003022598460363634
10000.0,context_interactions,multiomics,kidney_lineage,24,-0.08750584608997647,-0.11776592445482703,-0.161873591566742,-0.07774876619957204
10000.0,context_interactions,multiomics,rcc,20,-0.0827530659423279,-0.1142151533802589,-0.16071478436120526,-0.07501975983578048
10000.0,context_interactions,multiomics,ccrcc,12,-0.07914377794423988,-0.11831910701793291,-0.19378223892678537,-0.06807089967181831
10000.0,targetwise_multiomics,background,pan_cancer,883,0.00709982442799173,0.0016399180995521068,0.0015122002815058354,0.0017805939936432098
10000.0,targetwise_multiomics,background,non_kidney,859,0.007018458875834077,0.0016403875429418235,0.001503494027203132,0.0017788438386025188
10000.0,targetwise_multiomics,background,kidney_lineage,24,0.009800496047615348,0.0016243364141079741,0.001005999464596749,0.0023963185337885318
10000.0,targetwise_multiomics,background,rcc,20,0.010801747579920029,0.0013865341074998927,0.0009803514886084755,0.0018720490155577057
10000.0,targetwise_multiomics,background,ccrcc,12,0.012752652516694662,0.0015587416966466039,0.0010120536816031315,0.0022217532634892954
10000.0,targetwise_context,targetwise_multiomics,pan_cancer,883,0.007235980487349858,0.0001361560593581279,-6.495683340412752e-05,0.0003027169642014845
10000.0,targetwise_context,targetwise_multiomics,non_kidney,859,0.006920701796483852,-9.775707935022471e-05,-0.00026742579505568867,2.1583674489819326e-05
10000.0,targetwise_context,targetwise_multiomics,kidney_lineage,24,0.01770065736978954,0.007900161322174193,0.004216527025549684,0.011842144486453836
10000.0,targetwise_context,targetwise_multiomics,rcc,20,0.020592978926262218,0.009791231346342189,0.005890927314434293,0.014092389276951686
10000.0,targetwise_context,targetwise_multiomics,ccrcc,12,0.025022066263261977,0.012269413746567315,0.007663253411529368,0.018431556882393275
100000.0,background,background,pan_cancer,883,0.0006378577777685912,0.0,0.0,0.0
100000.0,background,background,non_kidney,859,0.0006250396890736809,0.0,0.0,0.0
100000.0,background,background,kidney_lineage,24,0.0010633136056762416,0.0,0.0,0.0
100000.0,background,background,rcc,20,0.0012267572349778932,0.0,0.0,0.0
100000.0,background,background,ccrcc,12,0.0014182426913967872,0.0,0.0,0.0
100000.0,multiomics,background,pan_cancer,883,0.008340093377221636,0.0077022355994530445,0.007150486987414656,0.008231700032714185
100000.0,multiomics,background,non_kidney,859,0.00840325561550248,0.0077782159264288,0.007227843943944844,0.008359697133691732
100000.0,multiomics,background,kidney_lineage,24,0.006243623067202053,0.005180309461525812,0.002551394413003878,0.008111963477090789
100000.0,multiomics,background,rcc,20,0.006338151917664181,0.005111394682686288,0.00254093148155755,0.007925408015768373
100000.0,multiomics,background,ccrcc,12,0.007460520488202671,0.006042277796805884,0.0025014043772520226,0.010190997389581557
100000.0,context_interactions,multiomics,pan_cancer,883,0.006767660460851421,-0.0015724329163702144,-0.0026725981027922972,-0.0006875012130490308
100000.0,context_interactions,multiomics,non_kidney,859,0.007035409811758986,-0.0013678458037434948,-0.002303726087308982,-0.0005948608295631102
100000.0,context_interactions,multiomics,kidney_lineage,24,-0.002119430623662266,-0.00836305369086432,-0.0283166796624044,0.0070479873861933676
100000.0,context_interactions,multiomics,rcc,20,-0.001412988093796752,-0.007751140011460933,-0.0324427073007344,0.010360610177575731
100000.0,context_interactions,multiomics,ccrcc,12,0.003521603966594178,-0.003938916521608493,-0.03253467197343963,0.01235179597007652
100000.0,targetwise_multiomics,background,pan_cancer,883,0.000838992016614748,0.00020113423884615678,0.00018476584668958716,0.00021605564679065445
100000.0,targetwise_multiomics,background,non_kidney,859,0.0008264102485729952,0.00020137055949931426,0.00018572549982274849,0.0002172853044305501
100000.0,targetwise_multiomics,background,kidney_lineage,24,0.00125660392944682,0.00019329032377057853,0.00012513594466356342,0.000281229051293749
100000.0,targetwise_multiomics,background,rcc,20,0.0013925848947760056,0.00016582765979811231,0.00011468930512011915,0.00022126800703601367
100000.0,targetwise_multiomics,background,ccrcc,12,0.0016059962035278597,0.0001877535121310725,0.0001206489819570262,0.0002706843619901548
100000.0,targetwise_context,targetwise_multiomics,pan_cancer,883,0.0008956493622896966,5.665734567494862e-05,3.6833990789284036e-05,7.779438755027884e-05
100000.0,targetwise_context,targetwise_multiomics,non_kidney,859,0.0008271111187750924,7.008702020971924e-07,-1.2212433962769365e-05,1.2053292059979247e-05
100000.0,targetwise_context,targetwise_multiomics,kidney_lineage,24,0.003170559127050443,0.0019139551976036229,0.0013604808279081598,0.0025804403777503256
100000.0,targetwise_context,targetwise_multiomics,rcc,20,0.003667881516668192,0.0022752966218921866,0.001689574739293563,0.0029968826355208956
100000.0,targetwise_context,targetwise_multiomics,ccrcc,12,0.004311880002279556,0.002705883798751696,0.001898197726408486,0.0039019307027583655
