ModelID,model,topk_overlap,ndcg,dependent_precision,mean_selected_gene_effect,oracle_mean_gene_effect,regret,renal_cell_carcinoma,clear_cell_renal_cell_carcinoma,OncotreeSubtype
ACH-000096,global_mean,0.4,0.6667438617269047,0.3,-0.41697112700000005,-0.6502321,0.23326097299999993,False,False,Rhabdoid Cancer
ACH-000159,global_mean,0.4,0.787767650405173,0.2,-0.4868444,-0.6351145,0.14827010000000002,True,True,Renal Clear Cell Carcinoma
ACH-000189,global_mean,0.5,0.7056521648575776,0.6,-0.43469818999999993,-0.6278629,0.19316471000000007,True,False,Renal Cell Carcinoma
ACH-000250,global_mean,0.4,0.7608342981940647,0.4,-0.49981679999999995,-0.6660372,0.16622040000000005,True,True,Renal Clear Cell Carcinoma
ACH-000262,global_mean,0.3,0.4801841010729822,0.2,-0.28620392000000006,-0.5551928,0.26898888,True,True,Renal Clear Cell Carcinoma
ACH-000272,global_mean,0.3,0.5535934055609827,0.2,-0.32235800000000003,-0.5342117000000001,0.21185370000000003,True,True,Renal Clear Cell Carcinoma
ACH-000313,global_mean,0.3,0.4791757752100775,0.3,-0.41326930000000006,-0.7498576,0.33658829999999995,True,True,Renal Clear Cell Carcinoma
ACH-000385,global_mean,0.3,0.641479771318951,0.2,-0.3981981,-0.5212934,0.12309530000000002,True,False,Renal Cell Carcinoma
ACH-000459,global_mean,0.2,0.35020654681495256,0.3,-0.40290247,-0.8718335999999999,0.46893112999999986,True,True,Renal Clear Cell Carcinoma
ACH-000484,global_mean,0.5,0.5860985621694039,0.4,-0.48069954,-0.7109118000000001,0.2302122600000001,True,False,Renal Cell Carcinoma
ACH-000495,global_mean,0.4,0.7319260248186016,0.3,-0.45383435,-0.6473182,0.19348384999999996,True,False,Renal Cell Carcinoma
ACH-000533,global_mean,0.3,0.5654333853520382,0.3,-0.43545685,-0.826357,0.39090015,False,False,Rhabdoid Cancer
ACH-000649,global_mean,0.4,0.6029884345669861,0.3,-0.4847842,-0.650493,0.1657088,True,True,Renal Clear Cell Carcinoma
ACH-000684,global_mean,0.3,0.6969041075905948,0.3,-0.37707946,-0.5640476000000001,0.18696814000000012,True,True,Renal Clear Cell Carcinoma
ACH-000709,global_mean,0.2,0.502676534187586,0.0,-0.24312079567999997,-0.5092555000000001,0.2661347043200001,True,True,Renal Clear Cell Carcinoma
ACH-000907,global_mean,0.2,0.4112287849038056,0.2,-0.22589079,-0.5969775,0.37108671000000004,True,True,Renal Clear Cell Carcinoma
ACH-001163,global_mean,0.4,0.7242481284053048,0.3,-0.4422134,-0.5898921999999999,0.1476787999999999,True,False,Renal Medullary Carcinoma
ACH-001194,global_mean,0.7,0.7430962257258278,0.4,-0.6826543,-0.7910143999999999,0.10836009999999985,True,False,Renal Cell Carcinoma
ACH-001310,global_mean,0.4,0.693474236138956,0.4,-0.45467689999999994,-0.6643793,0.20970240000000007,False,False,Immortalized Embyonic Kidney Cells
ACH-001398,global_mean,0.5,0.533312845722824,0.4,-0.4453684809999999,-0.7280915,0.2827230190000001,True,False,Renal Cell Carcinoma
ACH-001532,global_mean,0.3,0.6644669824870351,0.3,-0.49732442,-0.853918,0.35659357999999997,False,False,Rhabdoid Cancer
ACH-001687,global_mean,0.4,0.6389413025277803,0.3,-0.44982442999999994,-0.6998068999999999,0.24998246999999996,True,True,Renal Clear Cell Carcinoma
ACH-002528,global_mean,0.5,0.7523159029575182,0.5,-0.5216953,-0.670551,0.14885570000000004,True,True,Renal Clear Cell Carcinoma
ACH-002533,global_mean,0.5,0.7270434463779418,0.1,-0.44021968000000006,-0.5456766,0.1054569199999999,True,False,Renal Cell Carcinoma
ACH-000096,background,0.4,0.6687994362470676,0.3,-0.41697112700000005,-0.6502321,0.23326097299999993,False,False,Rhabdoid Cancer
ACH-000159,background,0.4,0.7894015502344633,0.2,-0.4868444000000001,-0.6351145,0.1482700999999999,True,True,Renal Clear Cell Carcinoma
ACH-000189,background,0.5,0.7073515156495509,0.6,-0.43469818999999993,-0.6278629,0.19316471000000007,True,False,Renal Cell Carcinoma
ACH-000250,background,0.4,0.764325421698376,0.4,-0.49981679999999995,-0.6660372,0.16622040000000005,True,True,Renal Clear Cell Carcinoma
ACH-000262,background,0.3,0.48294811094193846,0.2,-0.28620392000000006,-0.5551928,0.26898888,True,True,Renal Clear Cell Carcinoma
ACH-000272,background,0.3,0.5508085864585613,0.2,-0.32235800000000003,-0.5342117000000001,0.21185370000000003,True,True,Renal Clear Cell Carcinoma
ACH-000313,background,0.3,0.47928788217984136,0.3,-0.41326930000000006,-0.7498576,0.33658829999999995,True,True,Renal Clear Cell Carcinoma
ACH-000385,background,0.3,0.642691687988577,0.2,-0.3981981,-0.5212934,0.12309530000000002,True,False,Renal Cell Carcinoma
ACH-000459,background,0.2,0.3492154809458228,0.3,-0.40290247,-0.8718335999999999,0.46893112999999986,True,True,Renal Clear Cell Carcinoma
ACH-000484,background,0.5,0.585727464435041,0.4,-0.48069954,-0.7109118000000001,0.2302122600000001,True,False,Renal Cell Carcinoma
ACH-000495,background,0.4,0.734611687288161,0.3,-0.45383435,-0.6473182,0.19348384999999996,True,False,Renal Cell Carcinoma
ACH-000533,background,0.3,0.5654333853520382,0.3,-0.43545685,-0.826357,0.39090015,False,False,Rhabdoid Cancer
ACH-000649,background,0.4,0.6081412798877835,0.3,-0.4847842,-0.650493,0.1657088,True,True,Renal Clear Cell Carcinoma
ACH-000684,background,0.3,0.6969041075905948,0.3,-0.37707946,-0.5640476000000001,0.18696814000000012,True,True,Renal Clear Cell Carcinoma
ACH-000709,background,0.2,0.502676534187586,0.0,-0.24312079567999997,-0.5092555000000001,0.2661347043200001,True,True,Renal Clear Cell Carcinoma
ACH-000907,background,0.2,0.4112738231203754,0.2,-0.22589079,-0.5969775,0.37108671000000004,True,True,Renal Clear Cell Carcinoma
ACH-001163,background,0.4,0.7242481284053048,0.3,-0.4422134,-0.5898921999999999,0.1476787999999999,True,False,Renal Medullary Carcinoma
ACH-001194,background,0.7,0.7388900253673323,0.4,-0.6826543,-0.7910143999999999,0.10836009999999985,True,False,Renal Cell Carcinoma
ACH-001310,background,0.4,0.6961329852469851,0.4,-0.45467689999999994,-0.6643793,0.20970240000000007,False,False,Immortalized Embyonic Kidney Cells
ACH-001398,background,0.5,0.5311570911650698,0.4,-0.4453684809999999,-0.7280915,0.2827230190000001,True,False,Renal Cell Carcinoma
ACH-001532,background,0.3,0.6644669824870351,0.3,-0.49732442,-0.853918,0.35659357999999997,False,False,Rhabdoid Cancer
ACH-001687,background,0.4,0.6390286065057106,0.3,-0.44982442999999994,-0.6998068999999999,0.24998246999999996,True,True,Renal Clear Cell Carcinoma
ACH-002528,background,0.5,0.752163695780975,0.5,-0.5216953,-0.670551,0.14885570000000004,True,True,Renal Clear Cell Carcinoma
ACH-002533,background,0.5,0.7279043931995207,0.1,-0.44021968000000006,-0.5456766,0.1054569199999999,True,False,Renal Cell Carcinoma
ACH-000096,shared_multiomics,0.4,0.6931168029871877,0.3,-0.39208064699999995,-0.6502321,0.25815145300000003,False,False,Rhabdoid Cancer
ACH-000159,shared_multiomics,0.5,0.8592536501550196,0.3,-0.5103819,-0.6351145,0.12473259999999997,True,True,Renal Clear Cell Carcinoma
ACH-000189,shared_multiomics,0.6,0.780157979058624,0.7,-0.4789823999999999,-0.6278629,0.14888050000000008,True,False,Renal Cell Carcinoma
ACH-000250,shared_multiomics,0.4,0.7656228943621213,0.4,-0.49981679999999995,-0.6660372,0.16622040000000005,True,True,Renal Clear Cell Carcinoma
ACH-000262,shared_multiomics,0.5,0.6362712075273919,0.4,-0.42884209999999995,-0.5551928,0.1263507000000001,True,True,Renal Clear Cell Carcinoma
ACH-000272,shared_multiomics,0.3,0.5669959792877406,0.3,-0.33748010000000006,-0.5342117000000001,0.1967316,True,True,Renal Clear Cell Carcinoma
ACH-000313,shared_multiomics,0.4,0.5217357511462698,0.4,-0.4619827000000001,-0.7498576,0.28787489999999993,True,True,Renal Clear Cell Carcinoma
ACH-000385,shared_multiomics,0.3,0.7117448002237831,0.2,-0.42473479999999997,-0.5212934,0.09655860000000005,True,False,Renal Cell Carcinoma
ACH-000459,shared_multiomics,0.2,0.3927630446055405,0.3,-0.4620635699999999,-0.8718335999999999,0.40977002999999995,True,True,Renal Clear Cell Carcinoma
ACH-000484,shared_multiomics,0.4,0.5428103920745497,0.3,-0.43019371,-0.7109118000000001,0.2807180900000001,True,False,Renal Cell Carcinoma
ACH-000495,shared_multiomics,0.5,0.8053508228076349,0.4,-0.51929617,-0.6473182,0.12802203,True,False,Renal Cell Carcinoma
ACH-000533,shared_multiomics,0.5,0.6625584957596599,0.5,-0.5484484500000001,-0.826357,0.2779085499999999,False,False,Rhabdoid Cancer
ACH-000649,shared_multiomics,0.4,0.6339664300593979,0.3,-0.4861147,-0.650493,0.16437829999999998,True,True,Renal Clear Cell Carcinoma
ACH-000684,shared_multiomics,0.3,0.7121278913557432,0.3,-0.36175196,-0.5640476000000001,0.2022956400000001,True,True,Renal Clear Cell Carcinoma
ACH-000709,shared_multiomics,0.3,0.5851331009626215,0.1,-0.31850856568,-0.5092555000000001,0.19074693432000006,True,True,Renal Clear Cell Carcinoma
ACH-000907,shared_multiomics,0.3,0.5467836950575258,0.3,-0.33276309000000004,-0.5969775,0.26421441,True,True,Renal Clear Cell Carcinoma
ACH-001163,shared_multiomics,0.3,0.7164669389021454,0.3,-0.4151772,-0.5898921999999999,0.17471499999999984,True,False,Renal Medullary Carcinoma
ACH-001194,shared_multiomics,0.7,0.7736890601624006,0.5,-0.7309913,-0.7910143999999999,0.060023099999999885,True,False,Renal Cell Carcinoma
ACH-001310,shared_multiomics,0.5,0.7185761176245123,0.5,-0.4727779,-0.6643793,0.19160140000000003,False,False,Immortalized Embyonic Kidney Cells
ACH-001398,shared_multiomics,0.5,0.5195939489297303,0.4,-0.4453684809999999,-0.7280915,0.2827230190000001,True,False,Renal Cell Carcinoma
ACH-001532,shared_multiomics,0.5,0.7938355670792039,0.5,-0.6518342199999999,-0.853918,0.20208378000000005,False,False,Rhabdoid Cancer
ACH-001687,shared_multiomics,0.5,0.7445020708381945,0.4,-0.4958802400000001,-0.6998068999999999,0.20392665999999982,True,True,Renal Clear Cell Carcinoma
ACH-002528,shared_multiomics,0.5,0.7356984741230008,0.5,-0.5003836,-0.670551,0.17016739999999997,True,True,Renal Clear Cell Carcinoma
ACH-002533,shared_multiomics,0.5,0.8017942457857273,0.1,-0.395515633,-0.5456766,0.15016096699999998,True,False,Renal Cell Carcinoma
ACH-000096,targetwise_multiomics,0.4,0.6490268404185805,0.3,-0.392080647,-0.6502321,0.258151453,False,False,Rhabdoid Cancer
ACH-000159,targetwise_multiomics,0.4,0.7282394298221287,0.2,-0.44118500000000005,-0.6351145,0.19392949999999998,True,True,Renal Clear Cell Carcinoma
ACH-000189,targetwise_multiomics,0.6,0.71068421307403,0.6,-0.43812829,-0.6278629,0.18973461000000003,True,False,Renal Cell Carcinoma
ACH-000250,targetwise_multiomics,0.4,0.6492339075279002,0.4,-0.5086419999999999,-0.6660372,0.15739520000000007,True,True,Renal Clear Cell Carcinoma
ACH-000262,targetwise_multiomics,0.4,0.5679917807064129,0.3,-0.3633185,-0.5551928,0.19187430000000005,True,True,Renal Clear Cell Carcinoma
ACH-000272,targetwise_multiomics,0.2,0.4758006464187453,0.1,-0.26967577,-0.5342117000000001,0.2645359300000001,True,True,Renal Clear Cell Carcinoma
ACH-000313,targetwise_multiomics,0.3,0.4671201802518644,0.3,-0.40355569999999996,-0.7498576,0.34630190000000005,True,True,Renal Clear Cell Carcinoma
ACH-000385,targetwise_multiomics,0.3,0.60389317418167,0.1,-0.3551643,-0.5212934,0.16612910000000003,True,False,Renal Cell Carcinoma
ACH-000459,targetwise_multiomics,0.3,0.4214418562147784,0.4,-0.50818227,-0.8718335999999999,0.36365132999999983,True,True,Renal Clear Cell Carcinoma
ACH-000484,targetwise_multiomics,0.4,0.5309455598550342,0.3,-0.41919544000000003,-0.7109118000000001,0.29171636000000006,True,False,Renal Cell Carcinoma
ACH-000495,targetwise_multiomics,0.4,0.7347007308572016,0.4,-0.46281344999999996,-0.6473182,0.18450475,True,False,Renal Cell Carcinoma
ACH-000533,targetwise_multiomics,0.4,0.6708794443813079,0.4,-0.60362025,-0.826357,0.22273675000000004,False,False,Rhabdoid Cancer
ACH-000649,targetwise_multiomics,0.4,0.6414191752253463,0.3,-0.4771472,-0.650493,0.1733458,True,True,Renal Clear Cell Carcinoma
ACH-000684,targetwise_multiomics,0.3,0.6885328059618991,0.3,-0.37707946000000003,-0.5640476000000001,0.18696814000000006,True,True,Renal Clear Cell Carcinoma
ACH-000709,targetwise_multiomics,0.3,0.5984738038443475,0.1,-0.32822846567999997,-0.5092555000000001,0.1810270343200001,True,True,Renal Clear Cell Carcinoma
ACH-000907,targetwise_multiomics,0.2,0.34833440699732016,0.1,-0.17833699,-0.5969775,0.41864051,True,True,Renal Clear Cell Carcinoma
ACH-001163,targetwise_multiomics,0.4,0.7340197254156045,0.4,-0.4546202000000001,-0.5898921999999999,0.13527199999999978,True,False,Renal Medullary Carcinoma
ACH-001194,targetwise_multiomics,0.6,0.6108319529878926,0.3,-0.5525252,-0.7910143999999999,0.23848919999999985,True,False,Renal Cell Carcinoma
ACH-001310,targetwise_multiomics,0.4,0.696141148466344,0.4,-0.45467690000000005,-0.6643793,0.20970239999999996,False,False,Immortalized Embyonic Kidney Cells
ACH-001398,targetwise_multiomics,0.5,0.5646053709608205,0.4,-0.44536848100000004,-0.7280915,0.28272301899999996,True,False,Renal Cell Carcinoma
ACH-001532,targetwise_multiomics,0.3,0.678519504436728,0.3,-0.5167319199999999,-0.853918,0.33718608000000005,False,False,Rhabdoid Cancer
ACH-001687,targetwise_multiomics,0.4,0.6781148125956903,0.3,-0.46935424000000003,-0.6998068999999999,0.23045265999999986,True,True,Renal Clear Cell Carcinoma
ACH-002528,targetwise_multiomics,0.4,0.6517197490588441,0.4,-0.4339782,-0.670551,0.23657280000000003,True,True,Renal Clear Cell Carcinoma
ACH-002533,targetwise_multiomics,0.5,0.7270434463779418,0.1,-0.44021968000000006,-0.5456766,0.1054569199999999,True,False,Renal Cell Carcinoma
