heldout_lineage,scope,inner_fold,alpha,target_n,maximum_kkt,maximum_relative_bound,maximum_iterations,maximum_working_set_passes,maximum_active_feature_n
Biliary Tract,inner,1,0.1,1204,9.989787698103103e-07,8.617650416591257e-10,1750,6,514
Biliary Tract,inner,1,0.2,1204,8.735156102751551e-07,1.3212001631873592e-10,675,3,196
Biliary Tract,inner,1,0.5,1204,9.284963223277209e-07,3.295604177073313e-11,75,1,36
Biliary Tract,inner,1,1.0,1204,0.0,0.0,0,0,0
Biliary Tract,inner,2,0.1,1204,9.873290581358107e-07,1.00904009683082e-09,1550,6,494
Biliary Tract,inner,2,0.2,1204,9.100282482715771e-07,1.6127624152107403e-10,450,4,155
Biliary Tract,inner,2,0.5,1204,7.48897015401262e-07,6.356383122035289e-12,75,1,36
Biliary Tract,inner,2,1.0,1204,0.0,0.0,0,0,0
Biliary Tract,inner,3,0.1,1204,9.839283835466617e-07,9.334623042529612e-10,1875,5,539
Biliary Tract,inner,3,0.2,1204,9.636978717808553e-07,1.8044822836018842e-10,525,3,168
Biliary Tract,inner,3,0.5,1204,2.202072257317944e-07,1.4715857305838922e-12,75,1,40
Biliary Tract,inner,3,1.0,1204,0.0,0.0,0,0,0
Biliary Tract,inner,4,0.1,1204,9.914998384541462e-07,4.220424019354627e-10,1850,5,540
Biliary Tract,inner,4,0.2,1204,9.996554518054701e-07,2.379539969889343e-10,725,4,191
Biliary Tract,inner,4,0.5,1204,7.047090215261953e-07,8.875098884041585e-12,100,1,39
Biliary Tract,inner,4,1.0,1204,0.0,0.0,0,0,0
Biliary Tract,inner,5,0.1,1204,9.989454480344162e-07,1.1597814737128895e-09,1600,6,541
Biliary Tract,inner,5,0.2,1204,9.231055171921021e-07,1.1263722431001778e-10,575,3,195
Biliary Tract,inner,5,0.5,1204,7.943662453380185e-07,1.4097231448384432e-11,75,1,33
Biliary Tract,inner,5,1.0,1204,0.0,0.0,0,0,0
Biliary Tract,outer,0,0.1,1204,9.916332112044901e-07,6.48624754066381e-10,1700,6,478
Bladder/Urinary Tract,inner,1,0.1,1204,9.796246508222972e-07,6.560274800532451e-10,2150,6,516
Bladder/Urinary Tract,inner,1,0.2,1204,9.379024470401731e-07,2.690658142790712e-10,675,3,193
Bladder/Urinary Tract,inner,1,0.5,1204,4.2929567159455395e-07,4.5012163177510415e-12,125,2,36
Bladder/Urinary Tract,inner,1,1.0,1204,0.0,0.0,0,0,0
Bladder/Urinary Tract,inner,2,0.1,1204,9.84541033317854e-07,6.397741553841039e-10,1475,6,489
Bladder/Urinary Tract,inner,2,0.2,1204,9.561735834634488e-07,2.1748968009041204e-10,425,3,157
Bladder/Urinary Tract,inner,2,0.5,1204,4.1764288222223556e-07,7.659725794957503e-12,175,2,36
Bladder/Urinary Tract,inner,2,1.0,1204,0.0,0.0,0,0,0
Bladder/Urinary Tract,inner,3,0.1,1204,9.953229443832035e-07,8.904109129991774e-10,1750,6,504
Bladder/Urinary Tract,inner,3,0.2,1204,9.68374316276388e-07,1.744042153349127e-10,600,4,175
Bladder/Urinary Tract,inner,3,0.5,1204,5.998825291508858e-07,1.0863795300443558e-11,75,1,45
Bladder/Urinary Tract,inner,3,1.0,1204,0.0,0.0,0,0,0
Bladder/Urinary Tract,inner,4,0.1,1204,9.645052264847798e-07,1.077626821848123e-09,2175,6,530
Bladder/Urinary Tract,inner,4,0.2,1204,9.828695328173431e-07,1.637641381542371e-10,550,3,189
Bladder/Urinary Tract,inner,4,0.5,1204,7.21495290234575e-07,6.3859566101295605e-12,75,1,44
Bladder/Urinary Tract,inner,4,1.0,1204,0.0,0.0,0,0,0
Bladder/Urinary Tract,inner,5,0.1,1204,9.693220045653428e-07,6.940905390535663e-10,1650,6,536
Bladder/Urinary Tract,inner,5,0.2,1204,9.594909819443664e-07,1.2931881796557962e-10,500,3,190
Bladder/Urinary Tract,inner,5,0.5,1204,7.901996526005206e-07,1.16357818495927e-11,75,1,34
Bladder/Urinary Tract,inner,5,1.0,1204,0.0,0.0,0,0,0
Bladder/Urinary Tract,outer,0,0.1,1204,9.979493229908543e-07,6.541720659380056e-10,1875,7,488
Bone,inner,1,0.1,1204,9.515704057494467e-07,5.56635701271752e-10,2350,6,528
Bone,inner,1,0.2,1204,9.390756387506194e-07,1.7705128994215976e-10,725,3,194
Bone,inner,1,0.5,1204,6.562473606475105e-07,7.175131609143934e-12,125,2,39
Bone,inner,1,1.0,1204,0.0,0.0,0,0,0
Bone,inner,2,0.1,1204,9.59890480517478e-07,4.916856549645307e-10,1650,6,509
Bone,inner,2,0.2,1204,9.439704597991039e-07,1.797016611289144e-10,450,3,146
Bone,inner,2,0.5,1204,9.281050097897925e-07,2.886137748114957e-11,75,1,35
Bone,inner,2,1.0,1204,0.0,0.0,0,0,0
Bone,inner,3,0.1,1204,9.780654776775366e-07,6.741060299722089e-10,1850,6,492
Bone,inner,3,0.2,1204,9.134944701921777e-07,2.0007266961636727e-10,600,3,169
Bone,inner,3,0.5,1204,1.9771447909433526e-07,1.5436683632152163e-12,100,1,46
Bone,inner,3,1.0,1204,0.0,0.0,0,0,0
Bone,inner,4,0.1,1204,9.382175556460481e-07,6.792333350137863e-10,1925,6,532
Bone,inner,4,0.2,1204,9.192310471972664e-07,2.2903404481343245e-10,625,3,187
Bone,inner,4,0.5,1204,8.882808981147683e-07,1.491410771323947e-11,75,1,39
Bone,inner,4,1.0,1204,0.0,0.0,0,0,0
Bone,inner,5,0.1,1204,9.972772975069821e-07,8.120436924352278e-10,1950,6,526
Bone,inner,5,0.2,1204,8.953097350578032e-07,1.7288884248992096e-10,500,3,172
Bone,inner,5,0.5,1204,7.236777732344546e-07,9.15198849271396e-12,75,1,33
Bone,inner,5,1.0,1204,0.0,0.0,0,0,0
Bone,outer,0,0.1,1204,9.692136372155269e-07,5.045741933437163e-10,1850,6,488
Bowel,inner,1,0.1,1204,9.955109167222864e-07,8.106678328802258e-10,1575,6,496
Bowel,inner,1,0.2,1204,9.835370183564063e-07,4.5135154423672525e-10,550,4,186
Bowel,inner,1,0.5,1204,8.32044055043557e-07,1.2807838094850106e-11,75,1,33
Bowel,inner,1,1.0,1204,0.0,0.0,0,0,0
Bowel,inner,2,0.1,1204,9.928288068825064e-07,6.350674381882778e-10,1525,6,486
Bowel,inner,2,0.2,1204,9.070917180720173e-07,1.896883858517563e-10,425,3,151
Bowel,inner,2,0.5,1204,8.765869043414476e-07,3.761375999301975e-11,100,1,34
Bowel,inner,2,1.0,1204,0.0,0.0,0,0,0
Bowel,inner,3,0.1,1204,9.71971193974852e-07,5.985574102983687e-10,2050,5,530
Bowel,inner,3,0.2,1204,9.346358929712695e-07,2.2308026787972312e-10,625,3,167
Bowel,inner,3,0.5,1204,9.311519662547063e-07,1.9951635810952172e-11,100,1,41
Bowel,inner,3,1.0,1204,0.0,0.0,0,0,0
Bowel,inner,4,0.1,1204,9.972026795423972e-07,6.749088578431577e-10,2025,6,573
Bowel,inner,4,0.2,1204,9.611929076974723e-07,1.447029306140943e-10,800,4,196
Bowel,inner,4,0.5,1204,8.888543407969962e-07,1.7084603511596095e-11,75,1,39
Bowel,inner,4,1.0,1204,0.0,0.0,0,0,0
Bowel,inner,5,0.1,1204,9.987292402813264e-07,8.17939048542245e-10,2025,6,545
Bowel,inner,5,0.2,1204,9.903685352224967e-07,2.1908962964250125e-10,650,3,183
Bowel,inner,5,0.5,1204,6.709766176282717e-07,1.1621200193632983e-11,75,1,42
Bowel,inner,5,1.0,1204,0.0,0.0,0,0,0
Bowel,outer,0,0.1,1204,9.457443979829505e-07,6.558991122329331e-10,1750,6,493
Breast,inner,1,0.1,1204,9.979734815548924e-07,7.382650903463193e-10,1900,6,528
Breast,inner,1,0.2,1204,9.445207028724312e-07,1.4079968281968414e-10,675,3,198
Breast,inner,1,0.5,1204,9.823272826559037e-07,2.997797942477432e-11,125,2,37
Breast,inner,1,1.0,1204,0.0,0.0,0,0,0
Breast,inner,2,0.1,1204,9.988332353438878e-07,4.683322960409718e-10,1600,6,494
Breast,inner,2,0.2,1204,9.620207644389644e-07,1.9890370129085538e-10,450,3,159
Breast,inner,2,0.5,1204,8.09517301136875e-07,2.8165117881557463e-11,75,1,37
Breast,inner,2,1.0,1204,0.0,0.0,0,0,0
Breast,inner,3,0.1,1204,9.874389494193836e-07,7.22442158559583e-10,1600,5,483
Breast,inner,3,0.2,1204,9.120293623376963e-07,1.610670674096459e-10,650,3,167
Breast,inner,3,0.5,1204,9.654130192215948e-07,4.525780284883689e-11,75,1,33
Breast,inner,3,1.0,1204,0.0,0.0,0,0,0
Breast,inner,4,0.1,1204,9.954066142528473e-07,7.090614785684807e-10,2125,6,516
Breast,inner,4,0.2,1204,9.22898390195992e-07,1.8112637851558216e-10,700,4,198
Breast,inner,4,0.5,1204,9.131679100937706e-07,7.230959445417447e-12,100,1,44
Breast,inner,4,1.0,1204,0.0,0.0,0,0,0
Breast,inner,5,0.1,1204,9.867448599668038e-07,1.7365940501226322e-09,1850,6,542
Breast,inner,5,0.2,1204,8.999877822990499e-07,1.7405209727785832e-10,650,3,183
Breast,inner,5,0.5,1204,8.142460043714106e-07,1.2674996144701511e-11,100,1,40
Breast,inner,5,1.0,1204,0.0,0.0,0,0,0
Breast,outer,0,0.1,1204,9.488554586628561e-07,8.399549130269332e-10,1800,6,458
CNS/Brain,inner,1,0.1,1204,9.998275337513851e-07,8.739861834364977e-10,1950,6,536
CNS/Brain,inner,1,0.2,1204,9.591506271861006e-07,1.2901951063274465e-10,675,4,175
CNS/Brain,inner,1,0.5,1204,8.047536617650231e-07,9.81600395814392e-12,125,2,43
CNS/Brain,inner,1,1.0,1204,0.0,0.0,0,0,0
CNS/Brain,inner,2,0.1,1204,9.700606544288393e-07,5.568769819463201e-10,1700,5,491
CNS/Brain,inner,2,0.2,1204,9.763830160214315e-07,1.6307066566918563e-10,450,4,147
CNS/Brain,inner,2,0.5,1204,7.815741349948002e-07,1.666362724178572e-11,100,1,38
CNS/Brain,inner,2,1.0,1204,0.0,0.0,0,0,0
CNS/Brain,inner,3,0.1,1204,9.616110351537421e-07,8.034095952806435e-10,1525,6,526
CNS/Brain,inner,3,0.2,1204,9.716926959446592e-07,2.361817769934109e-10,525,3,168
CNS/Brain,inner,3,0.5,1204,4.948155826189904e-07,4.94451891219934e-12,75,1,32
CNS/Brain,inner,3,1.0,1204,0.0,0.0,0,0,0
CNS/Brain,inner,4,0.1,1204,9.930401195512584e-07,8.669379778588632e-10,1825,6,546
CNS/Brain,inner,4,0.2,1204,9.601952833532268e-07,3.674234077270765e-10,550,3,177
CNS/Brain,inner,4,0.5,1204,9.92948570810448e-07,3.0430800429337087e-11,75,1,38
CNS/Brain,inner,4,1.0,1204,0.0,0.0,0,0,0
CNS/Brain,inner,5,0.1,1204,9.546356951536938e-07,8.938317672848076e-10,1950,6,530
CNS/Brain,inner,5,0.2,1204,9.926244221580838e-07,1.4375171117496422e-10,575,3,183
CNS/Brain,inner,5,0.5,1204,2.571963079733841e-07,1.6747462416491591e-12,100,1,46
CNS/Brain,inner,5,1.0,1204,0.0,0.0,0,0,0
CNS/Brain,outer,0,0.1,1204,9.86827816927549e-07,7.55871876250568e-10,1675,6,474
Esophagus/Stomach,inner,1,0.1,1204,9.690759116068315e-07,6.893875179342073e-10,1750,6,520
Esophagus/Stomach,inner,1,0.2,1204,9.79467741885065e-07,2.0076397035502674e-10,600,4,189
Esophagus/Stomach,inner,1,0.5,1204,8.281800290554919e-07,1.391234418209323e-11,100,1,34
Esophagus/Stomach,inner,1,1.0,1204,0.0,0.0,0,0,0
Esophagus/Stomach,inner,2,0.1,1204,9.534064744284865e-07,4.3717130062202747e-10,1700,6,512
Esophagus/Stomach,inner,2,0.2,1204,9.702650414500358e-07,1.5141959056468657e-10,500,3,164
Esophagus/Stomach,inner,2,0.5,1204,5.584814485037892e-07,9.246404994789631e-12,100,1,34
Esophagus/Stomach,inner,2,1.0,1204,0.0,0.0,0,0,0
Esophagus/Stomach,inner,3,0.1,1204,9.893162602955807e-07,1.005824486999952e-09,1800,6,525
Esophagus/Stomach,inner,3,0.2,1204,9.857138269786514e-07,1.8866404187204583e-10,575,4,171
Esophagus/Stomach,inner,3,0.5,1204,8.060162429157636e-07,2.0141484327093327e-11,75,1,45
Esophagus/Stomach,inner,3,1.0,1204,0.0,0.0,0,0,0
Esophagus/Stomach,inner,4,0.1,1204,9.972015153833502e-07,7.355604359555261e-10,2100,6,568
Esophagus/Stomach,inner,4,0.2,1204,9.68308212737079e-07,2.0540186113202401e-10,650,3,194
Esophagus/Stomach,inner,4,0.5,1204,3.2231962351914056e-07,3.638669098268814e-12,100,2,37
Esophagus/Stomach,inner,4,1.0,1204,0.0,0.0,0,0,0
Esophagus/Stomach,inner,5,0.1,1204,9.919599701715964e-07,7.946149128079079e-10,1950,6,526
Esophagus/Stomach,inner,5,0.2,1204,9.172604970159037e-07,1.6321900242265224e-10,675,3,189
Esophagus/Stomach,inner,5,0.5,1204,6.760797377491912e-07,1.6877678902540496e-11,100,1,43
Esophagus/Stomach,inner,5,1.0,1204,0.0,0.0,0,0,0
Esophagus/Stomach,outer,0,0.1,1204,9.729957936299716e-07,1.263976431282749e-09,1950,6,476
Head and Neck,inner,1,0.1,1204,9.322859875621203e-07,9.056423338230539e-10,2075,6,529
Head and Neck,inner,1,0.2,1204,9.6151183102966e-07,3.413923125012438e-10,575,3,191
Head and Neck,inner,1,0.5,1204,7.628759134958862e-07,1.071910023331477e-11,125,2,35
Head and Neck,inner,1,1.0,1204,0.0,0.0,0,0,0
Head and Neck,inner,2,0.1,1204,9.720678192590149e-07,7.56991728897329e-10,1650,5,522
Head and Neck,inner,2,0.2,1204,8.933179687919957e-07,2.8317719807059867e-10,600,4,154
Head and Neck,inner,2,0.5,1204,7.203045696568822e-07,2.253493833295584e-11,100,1,36
Head and Neck,inner,2,1.0,1204,0.0,0.0,0,0,0
Head and Neck,inner,3,0.1,1204,9.93356481931995e-07,9.992737467318356e-10,1800,6,517
Head and Neck,inner,3,0.2,1204,8.889812732754132e-07,1.6032834097700582e-10,625,3,166
Head and Neck,inner,3,0.5,1204,5.411542601252428e-07,1.1156091912792543e-11,100,1,48
Head and Neck,inner,3,1.0,1204,0.0,0.0,0,0,0
Head and Neck,inner,4,0.1,1204,9.896586597307744e-07,9.077700842945519e-10,2000,6,579
Head and Neck,inner,4,0.2,1204,9.59914843667864e-07,2.1747799065509786e-10,675,4,182
Head and Neck,inner,4,0.5,1204,8.469088549900583e-07,1.4141023632065791e-11,100,2,38
Head and Neck,inner,4,1.0,1204,0.0,0.0,0,0,0
Head and Neck,inner,5,0.1,1204,9.753640114115725e-07,1.0142574502271241e-09,1975,6,537
Head and Neck,inner,5,0.2,1204,9.537192366820824e-07,2.9023553269428387e-10,575,3,191
Head and Neck,inner,5,0.5,1204,8.53331422190351e-07,1.2036340251647857e-11,100,1,38
Head and Neck,inner,5,1.0,1204,0.0,0.0,0,0,0
Head and Neck,outer,0,0.1,1204,9.95186501380474e-07,9.065107367594799e-10,1825,6,501
Kidney,inner,1,0.1,1204,9.989787698103103e-07,8.617650416591257e-10,1750,6,514
Kidney,inner,1,0.2,1204,8.735156102751551e-07,1.3212001631873592e-10,675,3,196
Kidney,inner,1,0.5,1204,9.284963223277209e-07,3.295604177073313e-11,75,1,36
Kidney,inner,1,1.0,1204,0.0,0.0,0,0,0
Kidney,inner,2,0.1,1204,9.70726193899596e-07,5.248470059235648e-10,1975,6,496
Kidney,inner,2,0.2,1204,9.388710178886983e-07,1.6618665257937602e-10,400,3,154
Kidney,inner,2,0.5,1204,5.589292844665472e-07,4.047266153616674e-12,75,1,37
Kidney,inner,2,1.0,1204,0.0,0.0,0,0,0
Kidney,inner,3,0.1,1204,9.714168142244128e-07,9.74888875605053e-10,1800,6,495
Kidney,inner,3,0.2,1204,9.805225973241738e-07,1.0404405241538632e-10,575,3,163
Kidney,inner,3,0.5,1204,7.862667908142829e-07,1.4355157975484608e-11,100,1,42
Kidney,inner,3,1.0,1204,0.0,0.0,0,0,0
Kidney,inner,4,0.1,1204,9.94886208471879e-07,9.695306657465123e-10,1925,6,521
Kidney,inner,4,0.2,1204,9.8720080596304e-07,2.194154261440418e-10,550,4,180
Kidney,inner,4,0.5,1204,6.895727934774776e-07,1.660453260451012e-11,75,1,32
Kidney,inner,4,1.0,1204,0.0,0.0,0,0,0
Kidney,inner,5,0.1,1204,9.89587858851726e-07,5.296246319084348e-10,1850,6,495
Kidney,inner,5,0.2,1204,9.875903722728063e-07,2.0311196365401734e-10,450,4,182
Kidney,inner,5,0.5,1204,3.6343393744475705e-07,9.120231294791614e-13,75,1,33
Kidney,inner,5,1.0,1204,0.0,0.0,0,0,0
Kidney,outer,0,0.1,1204,9.851107840991302e-07,7.065667571990923e-10,1725,6,452
Liver,inner,1,0.1,1204,9.71903869641244e-07,6.392285033375167e-10,1900,5,514
Liver,inner,1,0.2,1204,9.647497061227028e-07,2.810654815756173e-10,700,3,194
Liver,inner,1,0.5,1204,9.841411894861984e-07,1.746169686497611e-11,75,1,37
Liver,inner,1,1.0,1204,0.0,0.0,0,0,0
Liver,inner,2,0.1,1204,9.930848450176444e-07,6.670230816134047e-10,1750,6,527
Liver,inner,2,0.2,1204,9.675559215077678e-07,3.724305947606541e-10,500,3,149
Liver,inner,2,0.5,1204,7.546319076567887e-07,1.4090331167875071e-11,75,1,37
Liver,inner,2,1.0,1204,0.0,0.0,0,0,0
Liver,inner,3,0.1,1204,9.912093345068596e-07,6.214032110605792e-10,1975,6,507
Liver,inner,3,0.2,1204,9.856071541275435e-07,2.0504131265694039e-10,575,3,165
Liver,inner,3,0.5,1204,5.053365981777524e-07,1.0159150121846758e-11,75,1,40
Liver,inner,3,1.0,1204,0.0,0.0,0,0,0
Liver,inner,4,0.1,1204,8.95349348259411e-07,7.296500730490684e-10,2000,6,528
Liver,inner,4,0.2,1204,9.552099760334887e-07,2.0674236770180408e-10,700,3,185
Liver,inner,4,0.5,1204,9.783730058887663e-07,4.856177248877849e-11,75,1,39
Liver,inner,4,1.0,1204,0.0,0.0,0,0,0
Liver,inner,5,0.1,1204,9.890108390378516e-07,7.392920358548099e-10,1550,6,521
Liver,inner,5,0.2,1204,8.557718670088033e-07,1.7480233639610563e-10,550,4,193
Liver,inner,5,0.5,1204,3.2259918170129964e-07,1.0286605061519479e-12,75,1,33
Liver,inner,5,1.0,1204,0.0,0.0,0,0,0
Liver,outer,0,0.1,1204,9.925117860701271e-07,7.233107869988277e-10,1750,6,465
Lung,inner,1,0.1,1204,9.675112364812555e-07,5.739710913834383e-10,1575,6,508
Lung,inner,1,0.2,1204,9.533921572213444e-07,2.0102503243553117e-10,525,3,160
Lung,inner,1,0.5,1204,2.4195516029612563e-07,1.8683563481075806e-12,100,1,48
Lung,inner,1,1.0,1204,0.0,0.0,0,0,0
Lung,inner,2,0.1,1204,9.883123161455454e-07,7.04784431310911e-10,1925,6,511
Lung,inner,2,0.2,1204,9.841408051686207e-07,1.7489852928826364e-10,650,4,179
Lung,inner,2,0.5,1204,8.20268629880827e-07,2.149793807780136e-11,100,2,40
Lung,inner,2,1.0,1204,0.0,0.0,0,0,0
Lung,inner,3,0.1,1204,9.647804182985609e-07,6.026766781565229e-10,2125,5,534
Lung,inner,3,0.2,1204,9.72048605593634e-07,3.0043017870192877e-10,600,3,184
Lung,inner,3,0.5,1204,6.452242538868003e-07,1.2639175860708236e-11,125,2,40
Lung,inner,3,1.0,1204,0.0,0.0,0,0,0
Lung,inner,4,0.1,1204,9.99738721342569e-07,7.249601459419241e-10,1825,6,543
Lung,inner,4,0.2,1204,9.059226918350927e-07,1.3094921149808974e-10,550,3,200
Lung,inner,4,0.5,1204,6.596784319634619e-07,9.104030611593057e-12,75,1,33
Lung,inner,4,1.0,1204,0.0,0.0,0,0,0
Lung,inner,5,0.1,1204,9.967360862714325e-07,7.650573570376987e-10,2150,6,559
Lung,inner,5,0.2,1204,9.589785694014141e-07,2.145213394916711e-10,650,3,205
Lung,inner,5,0.5,1204,8.426634163227753e-07,9.510618423356659e-12,100,1,46
Lung,inner,5,1.0,1204,0.0,0.0,0,0,0
Lung,outer,0,0.1,1204,9.82139274262328e-07,8.975901837076668e-10,2000,7,499
Lymphoid,inner,1,0.1,1204,9.95862665630065e-07,7.420152206977277e-10,1950,6,553
Lymphoid,inner,1,0.2,1204,9.101778189468668e-07,1.5438784365452907e-10,575,4,170
Lymphoid,inner,1,0.5,1204,2.2128961951750625e-07,8.761119823949189e-13,100,1,41
Lymphoid,inner,1,1.0,1204,0.0,0.0,0,0,0
Lymphoid,inner,2,0.1,1204,8.546533658143618e-07,7.978471805708917e-10,1575,6,505
Lymphoid,inner,2,0.2,1204,9.447914346844e-07,2.173702040397184e-10,475,4,148
Lymphoid,inner,2,0.5,1204,8.787928182929505e-07,7.038640398031228e-12,100,1,40
Lymphoid,inner,2,1.0,1204,0.0,0.0,0,0,0
Lymphoid,inner,3,0.1,1204,9.834897987046065e-07,7.251033999287896e-10,1700,6,531
Lymphoid,inner,3,0.2,1204,9.234446269046348e-07,2.832874041642105e-10,450,3,162
Lymphoid,inner,3,0.5,1204,7.419520680895797e-07,6.074331915435246e-12,75,1,33
Lymphoid,inner,3,1.0,1204,0.0,0.0,0,0,0
Lymphoid,inner,4,0.1,1204,9.982907502661953e-07,5.445299199026744e-10,1650,6,526
Lymphoid,inner,4,0.2,1204,9.69977638737296e-07,3.063553857261267e-10,550,4,165
Lymphoid,inner,4,0.5,1204,3.012146702063845e-07,2.856997576625693e-12,100,1,37
Lymphoid,inner,4,1.0,1204,0.0,0.0,0,0,0
Lymphoid,inner,5,0.1,1204,9.990404568754885e-07,1.033322781940652e-09,1625,7,512
Lymphoid,inner,5,0.2,1204,9.89522678324084e-07,1.672289229298696e-10,375,3,155
Lymphoid,inner,5,0.5,1204,9.652390577652437e-07,5.633322433749488e-12,75,1,32
Lymphoid,inner,5,1.0,1204,0.0,0.0,0,0,0
Lymphoid,outer,0,0.1,1204,9.306359258359764e-07,4.990432617641666e-10,1650,6,482
Myeloid,inner,1,0.1,1204,9.615722265168825e-07,9.212373883874158e-10,1575,6,489
Myeloid,inner,1,0.2,1204,9.495160818301374e-07,1.397466149781268e-10,525,3,186
Myeloid,inner,1,0.5,1204,4.3304179431213896e-07,3.014422908591369e-12,75,1,38
Myeloid,inner,1,1.0,1204,0.0,0.0,0,0,0
Myeloid,inner,2,0.1,1204,9.672859434817216e-07,7.912660891059084e-10,1725,5,466
Myeloid,inner,2,0.2,1204,9.012577115441456e-07,1.0429537293502967e-10,425,3,154
Myeloid,inner,2,0.5,1204,7.090561729983236e-07,1.1807792957893933e-11,100,1,42
Myeloid,inner,2,1.0,1204,0.0,0.0,0,0,0
Myeloid,inner,3,0.1,1204,9.74636908596116e-07,7.605668132269682e-10,1675,5,507
Myeloid,inner,3,0.2,1204,9.65059549010161e-07,2.48385057152014e-10,500,4,162
Myeloid,inner,3,0.5,1204,8.317015496306368e-07,1.284755066063067e-11,75,1,33
Myeloid,inner,3,1.0,1204,0.0,0.0,0,0,0
Myeloid,inner,4,0.1,1204,9.959205237788926e-07,8.532497373631689e-10,1725,6,526
Myeloid,inner,4,0.2,1204,9.924161827462585e-07,5.492153404895559e-10,525,3,182
Myeloid,inner,4,0.5,1204,8.074284768566642e-07,1.2815996737525839e-11,75,1,32
Myeloid,inner,4,1.0,1204,0.0,0.0,0,0,0
Myeloid,inner,5,0.1,1204,9.956669314165056e-07,7.482973342369409e-10,1925,7,518
Myeloid,inner,5,0.2,1204,9.574007786838923e-07,1.0819934396288934e-10,525,3,203
Myeloid,inner,5,0.5,1204,3.215065141337625e-07,1.8951216151045117e-12,75,1,34
Myeloid,inner,5,1.0,1204,0.0,0.0,0,0,0
Myeloid,outer,0,0.1,1204,9.816075257698675e-07,7.880407952269505e-10,1725,6,459
Ovary/Fallopian Tube,inner,1,0.1,1204,9.795483116997739e-07,6.406797927809315e-10,2175,6,526
Ovary/Fallopian Tube,inner,1,0.2,1204,9.837155805214604e-07,1.2776563055255498e-10,625,4,198
Ovary/Fallopian Tube,inner,1,0.5,1204,8.451162924472122e-07,2.9091516020544235e-11,75,1,37
Ovary/Fallopian Tube,inner,1,1.0,1204,0.0,0.0,0,0,0
Ovary/Fallopian Tube,inner,2,0.1,1204,9.90739077673386e-07,8.49603466869215e-10,1575,6,508
Ovary/Fallopian Tube,inner,2,0.2,1204,9.491205254369417e-07,2.2585751688502005e-10,550,3,154
Ovary/Fallopian Tube,inner,2,0.5,1204,6.255760812146072e-07,1.90063079851851e-11,100,1,40
Ovary/Fallopian Tube,inner,2,1.0,1204,0.0,0.0,0,0,0
Ovary/Fallopian Tube,inner,3,0.1,1204,9.84352098651331e-07,6.838110491886984e-10,1575,6,486
Ovary/Fallopian Tube,inner,3,0.2,1204,9.762642191601945e-07,1.5765589850289347e-10,500,4,159
Ovary/Fallopian Tube,inner,3,0.5,1204,8.421469440134111e-07,1.7832123269869932e-11,75,1,34
Ovary/Fallopian Tube,inner,3,1.0,1204,0.0,0.0,0,0,0
Ovary/Fallopian Tube,inner,4,0.1,1204,9.996519517510571e-07,6.727626159323985e-10,2125,7,558
Ovary/Fallopian Tube,inner,4,0.2,1204,9.88681233465849e-07,1.3175778514688122e-10,575,4,195
Ovary/Fallopian Tube,inner,4,0.5,1204,7.669262555021206e-07,1.1528471522420145e-11,100,1,43
Ovary/Fallopian Tube,inner,4,1.0,1204,0.0,0.0,0,0,0
Ovary/Fallopian Tube,inner,5,0.1,1204,9.823574347936348e-07,6.783804156991265e-10,2250,6,539
Ovary/Fallopian Tube,inner,5,0.2,1204,9.11038727680058e-07,1.2265885131185302e-10,575,3,189
Ovary/Fallopian Tube,inner,5,0.5,1204,8.236166789132859e-07,2.6159203326790834e-11,75,1,38
Ovary/Fallopian Tube,inner,5,1.0,1204,0.0,0.0,0,0,0
Ovary/Fallopian Tube,outer,0,0.1,1204,9.771512226933177e-07,5.079202566880166e-10,1850,6,491
Pancreas,inner,1,0.1,1204,9.9284908348235e-07,7.701668280902923e-10,1750,6,532
Pancreas,inner,1,0.2,1204,9.9682426719927e-07,2.05204779160644e-10,600,5,200
Pancreas,inner,1,0.5,1204,5.817078891912075e-07,1.1077109622367772e-11,75,1,38
Pancreas,inner,1,1.0,1204,0.0,0.0,0,0,0
Pancreas,inner,2,0.1,1204,9.986121883784338e-07,5.872804437725277e-10,1650,6,485
Pancreas,inner,2,0.2,1204,9.087650938016667e-07,3.256558226031524e-10,475,3,158
Pancreas,inner,2,0.5,1204,8.253766663468554e-07,2.4361117707822336e-11,75,1,37
Pancreas,inner,2,1.0,1204,0.0,0.0,0,0,0
Pancreas,inner,3,0.1,1204,9.422813647824713e-07,8.310879541885191e-10,1500,5,487
Pancreas,inner,3,0.2,1204,8.581493132348017e-07,1.4793392637923977e-10,550,3,160
Pancreas,inner,3,0.5,1204,4.933144191754391e-07,2.7645959315083562e-12,75,1,34
Pancreas,inner,3,1.0,1204,0.0,0.0,0,0,0
Pancreas,inner,4,0.1,1204,7.956815087986624e-07,4.443708609703038e-10,2300,6,509
Pancreas,inner,4,0.2,1204,9.829294418395307e-07,2.0610068666600433e-10,700,3,174
Pancreas,inner,4,0.5,1204,6.515548130747728e-07,2.373700424583905e-11,100,1,39
Pancreas,inner,4,1.0,1204,0.0,0.0,0,0,0
Pancreas,inner,5,0.1,1204,9.83085566862163e-07,6.266039592653199e-10,1975,6,535
Pancreas,inner,5,0.2,1204,8.70619295573194e-07,2.3442586537059555e-10,650,4,200
Pancreas,inner,5,0.5,1204,3.958466352760315e-07,3.200186115090047e-12,75,1,38
Pancreas,inner,5,1.0,1204,0.0,0.0,0,0,0
Pancreas,outer,0,0.1,1204,9.828666523784002e-07,7.278600864246316e-10,1750,6,472
Peripheral Nervous System,inner,1,0.1,1204,9.920196494053735e-07,8.986508148433585e-10,1725,5,503
Peripheral Nervous System,inner,1,0.2,1204,9.845978119898957e-07,2.1135707022027304e-10,650,3,191
Peripheral Nervous System,inner,1,0.5,1204,6.190251264359681e-07,7.247480228378157e-12,75,1,38
Peripheral Nervous System,inner,1,1.0,1204,0.0,0.0,0,0,0
Peripheral Nervous System,inner,2,0.1,1204,9.950765235341996e-07,1.0490456797143758e-09,1650,6,493
Peripheral Nervous System,inner,2,0.2,1204,9.768643305374525e-07,2.1449796763724043e-10,425,4,155
Peripheral Nervous System,inner,2,0.5,1204,7.538729998590732e-07,1.322484484086552e-11,75,1,34
Peripheral Nervous System,inner,2,1.0,1204,0.0,0.0,0,0,0
Peripheral Nervous System,inner,3,0.1,1204,9.477608685914962e-07,7.05571235798695e-10,1675,5,516
Peripheral Nervous System,inner,3,0.2,1204,9.664448558793781e-07,1.128200084438215e-10,550,3,176
Peripheral Nervous System,inner,3,0.5,1204,4.6725044056117326e-07,8.731499978562143e-12,75,1,42
Peripheral Nervous System,inner,3,1.0,1204,0.0,0.0,0,0,0
Peripheral Nervous System,inner,4,0.1,1204,8.660766028997791e-07,5.20166295691975e-10,1925,6,526
Peripheral Nervous System,inner,4,0.2,1204,9.065720494028096e-07,2.4206625778044804e-10,725,3,195
Peripheral Nervous System,inner,4,0.5,1204,9.453666784398074e-07,4.325840053165808e-11,100,1,39
Peripheral Nervous System,inner,4,1.0,1204,0.0,0.0,0,0,0
Peripheral Nervous System,inner,5,0.1,1204,9.182653210523806e-07,7.190530204919804e-10,1775,6,521
Peripheral Nervous System,inner,5,0.2,1204,9.650321950022134e-07,2.3205473881976868e-10,575,4,190
Peripheral Nervous System,inner,5,0.5,1204,4.811256107961626e-07,6.31730482336072e-12,75,1,33
Peripheral Nervous System,inner,5,1.0,1204,0.0,0.0,0,0,0
Peripheral Nervous System,outer,0,0.1,1204,9.964065338999295e-07,1.0215522805877528e-09,1725,6,476
Skin,inner,1,0.1,1204,9.987051618962073e-07,8.35331533501154e-10,2000,5,538
Skin,inner,1,0.2,1204,9.616133615220068e-07,3.4069046352412537e-10,600,3,177
Skin,inner,1,0.5,1204,5.844335307370052e-07,8.201886360661487e-12,75,1,33
Skin,inner,1,1.0,1204,0.0,0.0,0,0,0
Skin,inner,2,0.1,1204,9.889449156114116e-07,5.458019506707985e-10,1450,6,486
Skin,inner,2,0.2,1204,9.157985657870515e-07,1.510743134859898e-10,475,4,166
Skin,inner,2,0.5,1204,7.724306701206718e-07,1.9631956249328043e-11,75,1,33
Skin,inner,2,1.0,1204,0.0,0.0,0,0,0
Skin,inner,3,0.1,1204,9.732736635931216e-07,1.7796101408650595e-09,2175,6,521
Skin,inner,3,0.2,1204,9.853031734258222e-07,2.814869998372597e-10,575,3,167
Skin,inner,3,0.5,1204,5.442422164048111e-07,4.466031438459738e-12,75,1,42
Skin,inner,3,1.0,1204,0.0,0.0,0,0,0
Skin,inner,4,0.1,1204,9.939413909421102e-07,1.0284798116780152e-09,2225,6,567
Skin,inner,4,0.2,1204,9.752081882585806e-07,1.2929097987859167e-10,625,3,175
Skin,inner,4,0.5,1204,9.876417216281297e-07,2.5622863861265975e-11,75,1,36
Skin,inner,4,1.0,1204,0.0,0.0,0,0,0
Skin,inner,5,0.1,1204,9.91251543867866e-07,7.62075422986373e-10,2275,6,533
Skin,inner,5,0.2,1204,9.992312340473264e-07,2.3882663527852603e-10,550,4,205
Skin,inner,5,0.5,1204,5.228167957449514e-07,5.0526977568217605e-12,100,1,43
Skin,inner,5,1.0,1204,0.0,0.0,0,0,0
Skin,outer,0,0.1,1204,8.895168079545157e-07,5.643205731828967e-10,2175,6,491
Soft Tissue,inner,1,0.1,1204,9.928175699266961e-07,7.045772301864613e-10,2125,5,510
Soft Tissue,inner,1,0.2,1204,9.898741059194416e-07,1.6737056072870492e-10,675,3,195
Soft Tissue,inner,1,0.5,1204,6.257633397566131e-07,1.2971249311162908e-11,125,2,36
Soft Tissue,inner,1,1.0,1204,0.0,0.0,0,0,0
Soft Tissue,inner,2,0.1,1204,9.649378676368503e-07,8.076152952934118e-10,1475,6,477
Soft Tissue,inner,2,0.2,1204,9.542291747738352e-07,2.0850578677564209e-10,400,4,152
Soft Tissue,inner,2,0.5,1204,4.890418364433824e-07,8.066030609404629e-12,100,1,38
Soft Tissue,inner,2,1.0,1204,0.0,0.0,0,0,0
Soft Tissue,inner,3,0.1,1204,9.962269784807853e-07,5.506939724395368e-10,1575,5,510
Soft Tissue,inner,3,0.2,1204,9.455824277332381e-07,1.8818323087419837e-10,525,3,163
Soft Tissue,inner,3,0.5,1204,6.711584532581583e-07,1.0207828537244548e-11,75,1,33
Soft Tissue,inner,3,1.0,1204,0.0,0.0,0,0,0
Soft Tissue,inner,4,0.1,1204,9.788331956639418e-07,8.262800866849641e-10,1975,5,560
Soft Tissue,inner,4,0.2,1204,9.484634948542237e-07,2.640277185409585e-10,575,5,185
Soft Tissue,inner,4,0.5,1204,7.786152618205477e-07,3.006488849944586e-11,100,1,44
Soft Tissue,inner,4,1.0,1204,0.0,0.0,0,0,0
Soft Tissue,inner,5,0.1,1204,9.86668882020647e-07,5.555844840818023e-10,1875,6,528
Soft Tissue,inner,5,0.2,1204,9.738463458836e-07,2.53927238786594e-10,575,3,185
Soft Tissue,inner,5,0.5,1204,8.305938233865717e-07,1.842072114744603e-11,75,1,40
Soft Tissue,inner,5,1.0,1204,0.0,0.0,0,0,0
Soft Tissue,outer,0,0.1,1204,9.844038953918388e-07,9.47770586263793e-10,1775,6,483
Uterus,inner,1,0.1,1204,9.971679270151523e-07,1.185918513195732e-09,2150,6,516
Uterus,inner,1,0.2,1204,9.668695188091991e-07,2.058688194648825e-10,600,3,195
Uterus,inner,1,0.5,1204,9.968395180970369e-07,3.2401701652980084e-11,150,2,36
Uterus,inner,1,1.0,1204,0.0,0.0,0,0,0
Uterus,inner,2,0.1,1204,9.804734369261991e-07,5.768175717359098e-10,1700,6,513
Uterus,inner,2,0.2,1204,9.943768283782184e-07,1.6104562490813793e-10,450,3,155
Uterus,inner,2,0.5,1204,6.795527551228808e-07,8.640102782677366e-12,75,1,37
Uterus,inner,2,1.0,1204,0.0,0.0,0,0,0
Uterus,inner,3,0.1,1204,9.384548934135428e-07,7.218921460123726e-10,1750,5,523
Uterus,inner,3,0.2,1204,9.260449056885944e-07,1.5941011196295602e-10,575,4,171
Uterus,inner,3,0.5,1204,7.764551532007946e-07,1.9495967416243506e-11,75,1,43
Uterus,inner,3,1.0,1204,0.0,0.0,0,0,0
Uterus,inner,4,0.1,1204,9.974287518560443e-07,6.639007964071773e-10,1975,6,516
Uterus,inner,4,0.2,1204,8.684561822597248e-07,1.2820957058662322e-10,750,3,183
Uterus,inner,4,0.5,1204,4.900459163459381e-07,1.4901358042136726e-11,75,1,37
Uterus,inner,4,1.0,1204,0.0,0.0,0,0,0
Uterus,inner,5,0.1,1204,9.404246231956015e-07,7.532175197356761e-10,1750,6,527
Uterus,inner,5,0.2,1204,9.87298175894602e-07,1.6231539200157228e-10,525,3,191
Uterus,inner,5,0.5,1204,2.3058507223061575e-07,1.8805090833591103e-12,75,1,33
Uterus,inner,5,1.0,1204,0.0,0.0,0,0,0
Uterus,outer,0,0.1,1204,9.807167378750314e-07,7.104858998143907e-10,1700,6,460
